outer_postcode,region,lat,long
BN91,BN,,
EH77,EH,,
S94,S,,
KW3,KW,58.3064743,-3.280445081
KA9,KA,55.49722944,-4.605333461
KW2,KW,58.3482575,-3.164491
SR43,SR,,
PH17,PH,56.68612046,-4.376055538
PO24,PO,,
KW7,KW,58.1868018,-3.5017754
PA73,PA,56.4966395,-6.183616167
M32,M,53.45091707,-2.309579226
EH40,EH,55.99075877,-2.662123318
EN77,EN,,
FK6,FK,56.0212401,-3.9153807
KA10,KA,55.55042174,-4.647721028
AB38,AB,57.48637551,-3.226527509
SS16,SS,51.5626222,0.452008862
TR24,TR,49.95544035,-6.335318824
LL19,LL,53.3311521,-3.410514293
CM8,CM,51.80544029,0.637344761
HS4,HS,57.8696368,-6.694676
FY8,FY,53.75077626,-3.002411146
ME99,ME,51.278325,0.5191
SG18,SG,52.08249533,-0.264468865
S4,S,53.40095426,-1.449688783
LD4,LD,52.11783709,-3.556805
SG17,SG,52.0346411,-0.335624038
PR6,PR,53.66772827,-2.611873917
NN7,NN,52.20832887,-0.928643635
TN37,TN,50.87228528,0.557246472
NE40,NE,54.9659615,-1.774311172
CF46,CF,51.66477282,-3.300631251
DT1,DT,50.7118552,-2.444817027
NG14,NG,53.0179617,-1.038995738
B24,B,52.51960887,-1.827144825
TQ12,TQ,50.52934566,-3.612239136
EC3V,ECV,51.51297598,-0.085872571
B49,B,52.21771068,-1.867322282
LN8,LN,53.37482805,-0.326433762
WD17,WD,51.66390256,-0.405517962
CH41,CH,53.39419149,-3.032648881
TW7,TW,51.47301017,-0.335827939
IP4,IP,52.06042875,1.180214669
NP19,NP,51.58834125,-2.963775533
BA1,BA,51.39281399,-2.361247229
WR15,WR,52.305304,-2.569053269
LL22,LL,53.26788295,-3.597740416
IV44,IV,57.1087692,-5.8830102
LA1,LA,54.04670108,-2.799466949
BL7,BL,53.63177522,-2.422384708
YO21,YO,54.47697378,-0.711291955
PE23,PE,53.1727244,0.088787117
WC2N,WCN,51.50906595,-0.124910705
PL26,PL,50.34490358,-4.827425946
NR21,NR,52.84127719,0.852588088
G5,G,55.84764017,-4.251830735
IV51,IV,57.47496642,-6.243834572
LL39,LL,52.71010258,-4.012310263
HP22,HP,51.8073146,-0.768880722
LD7,LD,52.35105633,-3.09226799
IV55,IV,57.4561907,-6.609800339
EH19,EH,55.87240868,-3.105097044
OX2,OX,51.76580639,-1.280735179
B33,B,52.48027199,-1.788410168
SM2,SM,51.35183112,-0.198793657
EX7,EX,50.58421671,-3.470273421
G78,G,55.79284446,-4.410008704
N81,N,51.56631433,-0.076735333
GL17,GL,51.85498023,-2.510270381
B25,B,52.46529898,-1.821660285
PA24,PA,56.1583886,-4.904453133
ST13,ST,53.10098919,-2.019330801
AB32,AB,57.15511494,-2.318514153
CB8,CB,52.2300266,0.42773375
NG21,NG,53.14171017,-1.10438207
GU9,GU,51.2190967,-0.794298826
GU2,GU,51.24576173,-0.594224721
PO15,PO,50.86684985,-1.227267478
WA8,WA,53.37304339,-2.741633683
PA25,PA,56.21400033,-5.043772
TR14,TR,50.21064966,-5.296729183
G12,G,55.880548,-4.300651681
BT82,BT,54.82649081,-7.430190924
CF48,CF,51.74164527,-3.371557001
LS19,LS,53.85973218,-1.683965349
CT50,CT,51.07953373,1.143560091
TA15,TA,50.95115836,-2.71692132
RG9,RG,51.54501641,-0.925931087
LE7,LE,52.67994927,-1.071006348
NG23,NG,53.11602294,-0.800046808
BT36,BT,54.67685729,-5.956237049
LL56,LL,53.18436147,-4.20593237
GU18,GU,51.34805726,-0.668428669
LS9,LS,53.79954901,-1.510242031
HP3,HP,51.73601448,-0.470550016
SP11,SP,51.22764657,-1.512613493
BH5,BH,50.7253001,-1.832281384
MK6,MK,52.02953084,-0.742937078
EX16,EX,50.92264712,-3.491662921
DT3,DT,50.64225253,-2.468317028
PL12,PL,50.41929799,-4.250073567
SY3,SY,52.69896163,-2.773188794
B46,B,52.50885558,-1.694988998
N9,N,51.62850915,-0.058026114
ME3,ME,51.43557544,0.547053119
ML10,ML,55.6799083,-4.069434591
SM7,SM,51.32291723,-0.201441526
B45,B,52.3885186,-2.009131366
M11,M,53.47886406,-2.181285543
LS99,LS,53.77591375,-1.54654075
PA2,PA,55.82873839,-4.434866999
RM6,RM,51.57580126,0.129535261
LN2,LN,53.25685708,-0.506720228
PA4,PA,55.87483769,-4.395338995
LE67,LE,52.71549351,-1.362329482
W3,W,51.51065486,-0.267983473
B28,B,52.42720812,-1.84321561
RG5,RG,51.45201993,-0.899861684
PH2,PH,56.38717797,-3.403892626
NR17,NR,52.51532457,0.994377151
SW1A,SWA,51.50447095,-0.132200849
M26,M,53.56230941,-2.334955716
CF42,CF,51.66734153,-3.523860494
WR9,WR,52.26705329,-2.158166162
M23,M,53.39957482,-2.288940673
SP3,SP,51.10212898,-2.01589975
CA17,CA,54.48016936,-2.350929617
M16,M,53.45503211,-2.264505682
CA16,CA,54.5739325,-2.483648649
PH14,PH,56.45287966,-3.180911829
M4,M,53.48490247,-2.230017298
BB7,BB,53.87113365,-2.38888791
NP16,NP,51.65045549,-2.690077578
BS28,BS,51.22608903,-2.815044683
NW9,NW,51.58808427,-0.255298496
BA13,BA,51.26211018,-2.18180561
WS5,WS,52.56597456,-1.958311101
RG26,RG,51.34012335,-1.129889266
B68,B,52.47857212,-2.001390353
TQ3,TQ,50.44393455,-3.576401951
S80,S,53.29251161,-1.152232416
SW95,SW,51.48039841,-0.136274227
N17,N,51.59809565,-0.071699437
ML11,ML,55.66715931,-3.789191958
CF99,CF,51.464504,-3.161341
E20,E,51.54647951,-0.010048731
TA22,TA,51.04575425,-3.545080292
CF45,CF,51.66962144,-3.362281217
BA21,BA,50.95209642,-2.633703197
SK23,SK,53.32776137,-1.948401132
PA36,PA,56.52412757,-4.769619
G20,G,55.88585416,-4.282631855
SO22,SO,51.06649992,-1.335826844
NE48,NE,55.13191165,-2.258349998
HU12,HU,53.72397343,-0.127073822
WD25,WD,51.6871326,-0.387819359
PO31,PO,50.75539315,-1.307352798
LS17,LS,53.86001254,-1.527719226
HU7,HU,53.79088634,-0.329060812
WS13,WS,52.69258098,-1.819138576
LE87,LE,52.6277038,-1.133666902
BR1,BR,51.41202267,0.020878467
IG9,IG,51.62592582,0.040422267
PH34,PH,56.92054904,-4.928000417
GL13,GL,51.69250161,-2.461348513
B32,B,52.44843164,-1.994531413
EC4N,ECN,51.51286274,-0.091403395
EH39,EH,56.0470396,-2.734299575
EH11,EH,55.93268918,-3.251723234
DL9,DL,54.37540136,-1.707557808
ST19,ST,52.7085794,-2.147397595
BD23,BD,53.99328266,-2.056495412
KA13,KA,55.65566569,-4.700155371
AB99,AB,57.11134,-2.093992
M35,M,53.50721125,-2.154798305
WS1,WS,52.57937472,-1.978675192
NE62,NE,55.16149155,-1.593515825
CM1,CM,51.74669596,0.457324294
TN1,TN,51.13478113,0.266536828
GU46,GU,51.33852833,-0.831993296
N11,N,51.61376457,-0.138994755
BT35,BT,54.16195581,-6.442130865
SE19,SE,51.41798038,-0.086109746
S14,S,53.34601678,-1.444383115
KA17,KA,55.61063215,-4.279157511
PE29,PE,52.33229129,-0.179188471
DL17,DL,54.68047554,-1.541100672
WD7,WD,51.6869882,-0.30994584
PA31,PA,56.05247636,-5.45844045
SA6,SA,51.67616498,-3.922551604
S6,S,53.40284633,-1.513127637
PA26,PA,56.25875663,-4.93706725
TS1,TS,54.57191699,-1.239229109
G43,G,55.81849318,-4.291811377
BN52,BN,50.83440512,-0.168044882
TS7,TS,54.5339964,-1.18326319
GU10,GU,51.1965268,-0.798066126
BB10,BB,53.79957858,-2.21958896
E16,E,51.51067097,0.028975913
PO3,PO,50.81629292,-1.059175516
NR31,NR,52.57491865,1.708832681
PA5,PA,55.83093715,-4.509710136
RM12,RM,51.5529204,0.207162639
DG4,DG,55.37555601,-3.953025136
CT20,CT,51.07983618,1.16343242
PO39,PO,50.68035898,-1.540158138
LL74,LL,53.31917294,-4.229402628
KY11,KY,56.04856886,-3.413978022
BA4,BA,51.17242962,-2.531888673
OX28,OX,51.786961,-1.485992678
LL37,LL,52.66597455,-4.0839799
BT44,BT,54.97220718,-6.287826865
BS34,BS,51.5235688,-2.566642723
PA66,PA,56.32873913,-6.3528985
BD11,BD,53.75226227,-1.675696042
LL18,LL,53.31032435,-3.476194555
BH10,BH,50.75957957,-1.892942391
AB51,AB,57.28767097,-2.403605259
PA75,PA,56.61256,-6.115068897
CT12,CT,51.34338083,1.369443335
BS41,BS,51.42204906,-2.65354573
G81,G,55.91387226,-4.407739136
BS36,BS,51.52574719,-2.486441345
KY16,KY,56.34253402,-2.822230753
SK15,SK,53.48706926,-2.046911749
KT24,KT,51.27017528,-0.429705106
L3,L,53.40840609,-2.984426885
TR3,TR,50.21741045,-5.11234264
MK11,MK,52.05123527,-0.840940023
CA22,CA,54.48063966,-3.532875175
PL15,PL,50.63304038,-4.397271343
IV27,IV,58.27599073,-4.796632508
WV10,WV,52.6191885,-2.113402937
LN9,LN,53.21743098,-0.111862674
ME17,ME,51.23303799,0.61261821
CA18,CA,54.35431016,-3.3911108
EH10,EH,55.91982309,-3.211108209
TN14,TN,51.2978453,0.157487972
EH52,EH,55.93827331,-3.485448797
LL25,LL,53.05424083,-3.878781128
SP7,SP,51.00496334,-2.184095034
DA17,DA,51.48593961,0.149464129
L34,L,53.43552456,-2.815382
SS9,SS,51.5547418,0.651788914
EC2P,ECP,51.52421226,-0.110736913
GU30,GU,51.07540418,-0.804120427
NP22,NP,51.77127468,-3.258241582
SA99,SA,51.66999715,-3.945445585
EX13,EX,50.78711649,-3.007183037
DY10,DY,52.38613211,-2.224055283
SG16,SG,52.01458158,-0.29858804
PR9,PR,53.65965653,-2.968623296
BN1,BN,50.84228021,-0.139507739
GL16,GL,51.79556993,-2.6128152
E13,E,51.52781453,0.026579545
NE36,NE,54.94522759,-1.441221521
UB18,UB,51.500719,-0.402684
HD1,HD,53.64688298,-1.788949667
BA3,BA,51.27166925,-2.478654291
S95,S,53.417985,-1.404500938
CF44,CF,51.71842256,-3.459141176
BS22,BS,51.36105773,-2.929358267
SE27,SE,51.43056204,-0.102368291
CA14,CA,54.63467495,-3.537982028
HU19,HU,53.72335097,0.034374318
S32,S,53.29456311,-1.651034257
G83,G,56.0122808,-4.587058858
CV22,CV,52.35910916,-1.278381182
HS3,HS,57.87738107,-6.85123536
NR1,NR,52.6266497,1.306831556
BT79,BT,54.62320693,-7.200924846
BN15,BN,50.83034754,-0.325703459
TS8,PA,54.52169763,-1.23286556
LA6,LA,54.17523633,-2.610240062
B30,B,52.42199602,-1.927744927
LL16,LL,53.18520747,-3.433361743
TF13,TF,52.57899182,-2.581717782
DG5,DG,54.92120122,-3.811057879
SN11,SN,51.43939311,-1.999396078
SY25,SY,52.23796901,-3.937168853
DD8,DD,56.65584638,-2.921907465
HS1,HS,58.21261356,-6.38145643
HR4,HR,52.09048827,-2.771405813
WF11,WF,53.7117685,-1.256157934
TN4,TN,51.14567248,0.254842536
EC1V,ECV,51.52679796,-0.097843718
OX13,OX,51.67608089,-1.357657841
TN32,TN,50.9790776,0.490246289
B67,B,52.48556625,-1.97883137
GU21,GU,51.32104188,-0.580509049
TF12,TF,52.61200981,-2.48178675
CM20,CM,51.77551914,0.102730003
FK17,FK,56.23992358,-4.220046902
CO5,CO,51.81514815,0.820399996
G65,G,55.97348616,-4.057643848
BN22,BN,50.78959485,0.283829656
HP23,HP,51.79555293,-0.661092423
HR6,HR,52.23352583,-2.773449308
TF1,TF,52.70321669,-2.502783295
LD1,LD,52.26089221,-3.366255511
SA4,SA,51.67323971,-4.048553725
SK3,SK,53.3982692,-2.172205163
TW2,TW,51.44637703,-0.354515776
L39,L,53.56171489,-2.896353752
IV26,IV,57.92675484,-5.1938622
DN2,DN,53.53366302,-1.102617558
AB37,AB,57.32738993,-3.352680816
BH3,BH,50.73657937,-1.883353508
B14,B,52.41734041,-1.889822075
M21,M,53.43802514,-2.272968892
HU9,HU,53.75607251,-0.289260404
BA6,BA,51.14202648,-2.707836419
LA23,LA,54.3714383,-2.912917483
DA2,DA,51.43215485,0.233309223
HU17,HU,53.8470704,-0.429091089
S45,S,53.16546325,-1.42202702
EN6,EN,51.69949136,-0.176697465
NR20,NR,52.72329114,0.980929476
HD9,HD,53.5804077,-1.79723739
L4,L,53.437829,-2.961290014
SM1,SM,51.36699125,-0.192845738
TA7,TA,51.13157473,-2.910851662
L29,L,53.50761268,-2.985516909
PR3,PR,53.86880358,-2.719059121
MK12,MK,52.0583252,-0.816647502
NP8,NP,51.8616355,-3.153763344
W1J,WJ,51.50790635,-0.145015246
DL12,DL,54.57222405,-1.985894945
SW1X,SWX,51.49820071,-0.156609736
RH17,RH,51.0223472,-0.11948701
FK14,FK,56.16716075,-3.655628856
NE27,NE,55.0328284,-1.51476725
CA27,CA,54.49100518,-3.593521255
S42,S,53.19968081,-1.421824221
IV6,IV,57.5251572,-4.458898133
BH14,BH,50.72136485,-1.944495785
SY19,SY,52.57951833,-3.635086436
SE17,SE,51.48822933,-0.093331843
CT19,CT,51.08908715,1.167982628
DA15,DA,51.4414707,0.098179444
NE69,NE,55.60478905,-1.718791108
DH8,DH,54.8569882,-1.850689654
PH12,PH,56.57584765,-3.154822261
ST1,ST,53.02732625,-2.173030798
KT19,KT,51.35251115,-0.270740259
NP44,NP,51.65116642,-3.027971009
SY99,SY,52.71282638,-2.749609875
NR11,NR,52.84112599,1.273856883
UB11,UB,51.51109587,-0.44703613
HP20,HP,51.82008133,-0.805298834
CF71,CF,51.46073821,-3.459031018
BT32,BT,54.33555167,-6.245566621
SP2,SP,51.07487396,-1.825800606
LA15,LA,54.15584919,-3.179668477
PA41,PA,55.674953,-5.7423724
SE26,SE,51.42795202,-0.05481565
BT40,BT,54.84573687,-5.823765421
BN18,BN,50.84783045,-0.583651794
BT49,BT,55.04736064,-6.95065683
IP11,IP,51.96752181,1.341064083
TN9,TN,51.19172969,0.274492295
IG6,IG,51.59598505,0.087609858
BT74,BT,54.34503786,-7.665245127
M45,M,53.54743956,-2.290426089
PE7,PE,52.53723027,-0.206001078
TW3,TW,51.46809513,-0.363966448
OL7,OL,53.49071054,-2.10726304
CT8,CT,51.37990582,1.336686094
M3,M,53.48365984,-2.252778705
S98,S,53.40411883,-1.431032675
G90,G,55.86898983,-4.241059833
L20,L,53.45303536,-2.989042743
SO31,SO,50.86973884,-1.299357192
CA95,CA,54.644668,-3.56645
NR33,NR,52.45410129,1.716812152
BL1,BL,53.5905236,-2.444852945
CF63,CF,51.41230951,-3.257156442
WC2A,WCA,51.51623394,-0.114205581
LE55,LE,52.632799,-1.125337
CT5,CT,51.35345247,1.034920285
GU52,GU,51.26350961,-0.838860791
CA10,CA,54.6114518,-2.658515072
BD20,BD,53.89824717,-1.949702534
PO1,PO,50.79950826,-1.089664559
WR12,WR,52.04118479,-1.87080781
IP31,IP,52.29345953,0.835433309
TW17,TW,51.39821539,-0.44763535
CH6,CH,53.2493925,-3.144663748
EH49,EH,55.97594174,-3.597859922
LL36,LL,52.60419458,-4.064542353
NE70,NE,55.59369929,-1.817170764
FK2,FK,56.00471266,-3.755761977
KW5,KW,58.28722267,-3.382792083
DE11,DE,52.77272448,-1.556563814
PE19,PE,52.23588087,-0.263835722
IP12,IP,52.09335874,1.369786923
TF10,TF,52.76941055,-2.386864893
RH16,RH,51.00143627,-0.09835745
EC1Y,ECY,51.52304983,-0.09242488
LE3,LE,52.63152466,-1.177376636
L22,L,53.47722871,-3.027951259
UB6,UB,51.5389749,-0.340594706
TA17,TA,50.90813309,-2.83687
KT11,KT,51.32826238,-0.402795455
MK13,MK,52.0532849,-0.782507407
N2,N,51.59007719,-0.169284532
WF9,WF,53.60633459,-1.32107059
NR18,NR,52.57076108,1.10787815
M41,M,53.45097903,-2.365573262
BT27,BT,54.50918922,-6.023685443
WR7,WR,52.19660437,-2.049217453
EN9,EN,51.69611807,0.015000279
WS14,WS,52.66416934,-1.815960959
BD19,BD,53.72733282,-1.714113414
BS15,BS,51.45960384,-2.50687342
SA62,SA,51.84099345,-5.063626585
G2,G,55.86287257,-4.256358335
PO35,PO,50.68686199,-1.08560208
SK4,SK,53.419514,-2.181838272
ME12,ME,51.42231422,0.804328993
DL5,DL,54.61771387,-1.578318592
LA19,LA,54.29674196,-3.380225571
EH23,EH,55.83944345,-3.050922612
CT9,CT,51.38344321,1.389354534
WV15,WV,52.51617586,-2.374675223
LS1,LS,53.79757684,-1.551855874
B40,B,52.45691185,-1.722578692
KT20,KT,51.28634777,-0.231148241
LL77,LL,53.2606686,-4.312622508
SA43,SA,52.08728018,-4.628170283
B19,B,52.49714279,-1.905773131
B93,B,52.38047288,-1.74389232
SA64,SA,52.00202016,-5.012538827
WR14,WR,52.11441049,-2.320433013
WD23,WD,51.64521802,-0.3579721
LN7,LN,53.49318896,-0.344655872
RM11,RM,51.57106104,0.218523658
ST55,ST,53.01391265,-2.23640995
CB5,CB,52.21232608,0.153568769
BS25,BS,51.31984638,-2.820349996
BD4,BD,53.77631937,-1.718795788
EC4P,ECP,51.52456604,-0.112028979
LE4,LE,52.66457884,-1.124794913
BT41,BT,54.73239336,-6.257749324
PL14,PL,50.46398254,-4.466156424
GU20,GU,51.36874985,-0.657912531
G69,G,55.87544649,-4.101121106
TN28,TN,50.98278342,0.950940069
AB56,AB,57.67436883,-2.928869876
OX10,OX,51.60728869,-1.128828135
PH5,PH,56.32844879,-3.829892535
LA14,LA,54.11824937,-3.23121671
HP9,HP,51.61030418,-0.640722029
FK11,FK,56.14989631,-3.851718533
CV1,CV,52.40940134,-1.506213236
PH36,PH,56.72227897,-5.8516326
ST11,ST,52.96597127,-2.064983482
LS15,LS,53.80556828,-1.445160416
NR24,NR,52.8588055,1.050383053
EN5,EN,51.64995488,-0.197600675
HS8,HS,57.23524083,-7.347063253
PE32,PE,52.72786102,0.635368394
B75,B,52.5787621,-1.808519856
ML8,ML,55.7313452,-3.842696605
SG4,SG,51.92062677,-0.259537843
DN35,DN,53.55455449,-0.036345145
LL35,LL,52.54678971,-4.0413787
HA9,HA,51.56091478,-0.285816895
GU23,GU,51.29413965,-0.505831629
NE66,NE,55.42855507,-1.730386826
BL8,BL,53.60480165,-2.327558823
KY15,KY,56.29922834,-3.054693722
DT4,DT,50.60956789,-2.465483548
SK14,SK,53.45204674,-2.056545402
DE7,DE,52.97340564,-1.323198966
S74,S,53.50097222,-1.441191594
G13,G,55.89363655,-4.347753701
GU22,GU,51.3121373,-0.55176622
CT6,CT,51.36443168,1.129619869
BD3,BD,53.79848898,-1.72668348
BS27,BS,51.27219456,-2.771778644
CV21,CV,52.37684974,-1.25054256
BD98,BD,53.8168055,-1.76532575
DG2,DG,55.06467027,-3.658768454
BN25,BN,50.77655503,0.108319364
PL20,PL,50.5000421,-4.100206394
BS6,BS,51.47077519,-2.600417847
CW2,CW,53.07985884,-2.446618678
EC3N,ECN,51.5119286,-0.076978881
L19,L,53.35895438,-2.903296278
TQ11,TQ,50.48231077,-3.785077449
M38,M,53.53243539,-2.423306875
W1A,WA,51.52437573,-0.112794969
EH5,EH,55.97598497,-3.222156536
BT71,BT,54.51313212,-6.704165158
RH13,RH,51.03393897,-0.328016333
CV8,CV,52.35202323,-1.542159906
PL23,PL,50.33748041,-4.636534593
M14,M,53.44844712,-2.225850396
NE44,NE,54.94274178,-1.978145612
GL4,GL,51.84073254,-2.218828168
AB35,AB,57.03833944,-3.150184542
SA46,SA,52.23777665,-4.257459667
CH48,CH,53.37016373,-3.169384794
DL98,DL,54.52751344,-1.559701
L18,L,53.3805792,-2.9082954
EH46,EH,55.74047624,-3.356716324
W13,W,51.51300753,-0.321175607
S25,S,53.36581386,-1.216945776
ML9,ML,55.72449418,-3.967524523
PA71,PA,56.48069425,-5.98150425
LE2,LE,52.60735308,-1.116967133
B72,B,52.55024829,-1.822022797
BD24,BD,54.08026024,-2.28407429
BH20,BH,50.68706774,-2.149138994
TS23,TS,54.60942107,-1.285160981
CH63,CH,53.34430613,-3.012472728
FK5,FK,56.02725517,-3.822453468
CV12,CV,52.47898636,-1.472389995
WF12,WF,53.6832624,-1.619967696
EX39,EX,51.01538131,-4.246035446
IV19,IV,57.80394081,-4.062912262
NE1,NE,54.97246431,-1.611571374
W1B,WB,51.51438066,-0.140982869
LL32,LL,53.25804003,-3.84118214
RM14,RM,51.55697733,0.264124556
DT10,DT,50.93743128,-2.334158369
CM17,CM,51.77281711,0.146452296
PA49,PA,55.7822835,-6.394827333
TN20,TN,51.0167857,0.250366243
PH39,PH,56.91232185,-5.841740923
DD2,DD,56.47029878,-3.031808608
BS26,BS,51.27900109,-2.856386323
TN31,TN,50.96295189,0.685730587
CM11,CM,51.62363557,0.445915995
BB3,BB,53.69801827,-2.466355316
TA14,TA,50.94676749,-2.751511791
BT62,BT,54.41169209,-6.466031407
CM3,CM,51.72085535,0.584306478
NE26,NE,55.05286492,-1.45768754
CT2,CT,51.29364755,1.079882299
EX32,EX,51.07185909,-4.020212789
WS4,WS,52.60687122,-1.95871122
RG14,RG,51.39949441,-1.323278126
HU6,HU,53.78101325,-0.371360418
IG2,IG,51.57601914,0.08150234
TW13,TW,51.43899466,-0.4019296
WA12,WA,53.45340164,-2.633302792
M44,M,53.44075827,-2.427142002
YO16,YO,54.09565767,-0.202049618
LL70,LL,53.3639133,-4.2880204
TS13,TS,54.54970039,-0.854218805
BS23,BS,51.34308677,-2.971937803
EX38,EX,50.94389475,-4.15216693
G73,G,55.81942767,-4.206842523
CV5,CV,52.41242343,-1.555369037
BN50,BN,50.82633068,-0.140802511
WC1X,WCX,51.52671899,-0.115140934
CH29,CH,53.39016544,-3.179430563
SL3,SL,51.4987476,-0.551645931
N21,N,51.63672767,-0.099693179
TA16,TA,50.90947991,-2.7937542
TD6,TD,55.581943,-2.693301473
NP10,NP,51.5779678,-3.047754113
SK16,SK,53.47463288,-2.082728397
NE42,NE,54.96197811,-1.854930478
E11,E,51.56875539,0.013606637
BT64,BT,54.44904077,-6.39004131
NW2,NW,51.55813094,-0.22028118
S72,S,53.57866689,-1.39115319
B76,B,52.54347328,-1.78278508
DT6,DT,50.7392035,-2.775549311
PH6,PH,56.37182115,-3.998343739
S2,S,53.36953668,-1.448019957
LL60,LL,53.21547337,-4.275128873
LS22,LS,53.93177304,-1.395830511
AB36,AB,57.19727479,-3.068706872
NE11,NE,54.93989844,-1.635817869
CH5,CH,53.20383772,-3.042535564
LL44,LL,52.790895,-4.097182365
NE35,NE,54.9510106,-1.460640237
MK2,MK,51.9905322,-0.725223749
G34,G,55.86791181,-4.112109275
CF64,CF,51.43330201,-3.191736953
PH1,PH,56.42244552,-3.47920904
OX27,OX,51.93659099,-1.15053416
BB1,BB,53.75678176,-2.462978334
L13,L,53.41847553,-2.920429872
BT25,BT,54.39605326,-6.114321778
FK3,FK,56.01074948,-3.720850295
KA20,KA,55.64140411,-4.751050969
HA5,HA,51.59497019,-0.386295314
WV3,WV,52.57905028,-2.156520836
HP1,HP,51.75655873,-0.487524034
SW14,SW,51.46539662,-0.266983167
BT22,BT,54.50170289,-5.514687925
BR7,BR,51.41488366,0.064665947
HX5,HX,53.68459519,-1.835296836
BS4,BS,51.43530808,-2.563432492
LS6,LS,53.82009078,-1.570698427
EH13,EH,55.90677718,-3.242951696
E10,E,51.56797042,-0.014401682
DE13,DE,52.80761112,-1.693338768
TD14,TD,55.8674868,-2.12458837
IV5,IV,57.46849179,-4.410825128
EC2V,ECV,51.51561674,-0.093926101
TW6,TW,51.47093744,-0.448298213
WS9,WS,52.60994343,-1.918464829
CM7,CM,51.89734797,0.537365231
FY1,FY,53.8152598,-3.047052843
IV54,IV,57.43036734,-5.619746424
TS19,TS,54.57722315,-1.343635726
L8,L,53.38993575,-2.963650029
CH64,CH,53.28818403,-3.0477542
KA23,KA,55.69346623,-4.8575752
G66,G,55.94051252,-4.153897111
L74,L,53.3930533,-2.988282926
CF83,CF,51.58667412,-3.218778874
WV8,WV,52.62590658,-2.187663669
PR5,PR,53.73153034,-2.65783949
EC1N,ECN,51.51989725,-0.108836916
DA14,DA,51.42501346,0.111754205
TA23,TA,51.16252385,-3.352737488
PA1,PA,55.84464121,-4.417368971
EH37,EH,55.86134045,-2.959816681
CM24,CM,51.89912217,0.204098491
NE83,NE,54.934641,-1.615103
TQ1,TQ,50.47301652,-3.523515872
NR5,NR,52.64073519,1.228710969
DE99,DE,52.914939,-1.465616
M60,M,53.48446523,-2.234776824
YO23,YO,53.92347793,-1.123388527
BH21,BH,50.81270065,-1.974552545
UB3,UB,51.50527606,-0.424596156
SO51,SO,50.99582562,-1.503805505
EH14,EH,55.90892228,-3.285900619
PO18,PO,50.86515874,-0.815392991
EH3,EH,55.95218509,-3.206313486
NG34,NG,52.98721899,-0.393727429
WF16,WF,53.71018374,-1.668799619
DG1,DG,55.0736159,-3.581675086
MK8,MK,52.03307867,-0.80458921
ST5,ST,53.01541058,-2.239576652
KY99,KY,56.05290586,-3.436020143
TD8,TD,55.47586424,-2.542249
WV12,WV,52.60582189,-2.040273541
CW9,CW,53.2585046,-2.502092754
SW20,SW,51.41091436,-0.227736715
PL3,PL,50.38823837,-4.127270948
SR7,SR,54.83045815,-1.362968357
BT23,BT,54.5643386,-5.715350387
G60,G,55.92188926,-4.453850594
SK6,SK,53.40520443,-2.080354045
KA14,KA,55.74008329,-4.673376324
EH44,EH,55.61915244,-3.063553852
SA7,SA,51.66473024,-3.888173131
TN39,TN,50.84682887,0.451417547
LE5,LE,52.63848322,-1.084314578
LE65,LE,52.74862857,-1.469418397
CA28,CA,54.54362294,-3.578483446
DG8,DG,54.8724285,-4.516365364
S61,S,53.44405552,-1.394719941
HA6,HA,51.61185126,-0.422432345
PA63,PA,56.381755,-5.715838
TA3,TA,50.99367342,-3.037441641
W4,W,51.4912038,-0.264028271
G46,G,55.80331193,-4.307867696
LS10,LS,53.76241274,-1.532278646
SS6,SS,51.58848852,0.607670371
CV10,CV,52.52605867,-1.501778669
WF6,WF,53.70022522,-1.415558924
EX34,EX,51.19833075,-4.10541897
WD24,WD,51.67374608,-0.398216266
PE35,PE,52.82744054,0.509792846
SA69,SA,51.71098323,-4.706822779
WF3,WF,53.72421824,-1.525595652
B34,B,52.49641932,-1.781714426
UB9,UB,51.58630395,-0.492617843
YO8,YO,53.78122114,-1.060892912
SG5,SG,51.97084321,-0.281367181
B31,B,52.40809735,-1.973381964
BD99,BD,53.79475967,-1.766368
IV42,IV,57.23897571,-5.830896857
PH49,PH,56.6748342,-5.115286634
PH20,PH,57.056297,-4.147571962
OX16,OX,52.06247586,-1.342369284
PL17,PL,50.51504635,-4.310172339
SA32,SA,51.8878365,-4.169315192
KT13,KT,51.36807628,-0.449324677
EC3P,ECP,51.52407419,-0.110582048
NG7,NG,52.95794426,-1.172624183
HU3,HU,53.74234139,-0.367661689
BA5,BA,51.21260905,-2.655091493
NE68,NE,55.57978625,-1.659024118
TW20,TW,51.42752437,-0.552422982
PL2,PL,50.38972908,-4.163418516
EH51,EH,56.01099568,-3.605485435
PA8,PA,55.90090761,-4.453532308
NR15,NR,52.50337084,1.266645824
PA9,PA,55.80728966,-4.55697739
LS13,LS,53.81078823,-1.635378671
CB4,CB,52.22291452,0.129852931
WS12,WS,52.7071267,-2.002006933
L75,L,53.43887538,-2.985670344
BS30,BS,51.44472301,-2.471438676
L32,L,53.47829728,-2.889268246
KA27,KA,55.53884978,-5.17418002
TR12,TR,50.04223758,-5.179519216
E8,E,51.54372465,-0.066177023
GU14,GU,51.29397747,-0.763573583
SY22,SY,52.75662344,-3.187526395
L7,L,53.40571534,-2.949986591
RM8,RM,51.55721177,0.12941999
LL24,LL,53.05771774,-3.785812176
PO4,PO,50.7901757,-1.062081798
NN9,NN,52.33449013,-0.595289627
MK45,MK,52.02102544,-0.470021223
HD2,HD,53.66885223,-1.776563068
AL1,AL,51.74891064,-0.323784339
BT66,BT,54.45503433,-6.332838063
IV9,IV,57.5689793,-4.178445739
S96,S,53.40234227,-1.425047867
PH11,PH,56.63840054,-3.235307045
LA22,LA,54.42301185,-2.991374652
PH24,PH,57.25613517,-3.7451445
DA13,DA,51.3786726,0.351890162
CF62,CF,51.40398328,-3.311053872
CR8,CR,51.33186098,-0.113780117
CH27,CH,53.41972605,-3.036761095
KT16,KT,51.38253994,-0.516507188
SS4,SS,51.59304517,0.711999601
EH18,EH,55.87678646,-3.122619562
SR2,SR,54.88618059,-1.37663662
SN12,SN,51.37225546,-2.136802912
YO22,YO,54.45068645,-0.621929488
DN14,DN,53.70845956,-0.941807402
NP26,NP,51.59091609,-2.778902178
DN39,DN,53.61651556,-0.335420393
EH95,EH,55.97862,-3.25352
SA15,SA,51.69963354,-4.167787043
IG3,IG,51.5631101,0.102909377
DN36,DN,53.51158566,-0.03993328
S44,S,53.22518525,-1.314270373
B62,B,52.4570953,-2.033739661
SA67,SA,51.78324093,-4.733013086
SW11,SW,51.46811017,-0.16382522
E4,E,51.62172288,-0.005749971
SA36,SA,51.95778909,-4.608689273
DL7,DL,54.3379201,-1.485765941
BR6,BR,51.36517794,0.091218405
UB5,UB,51.54314301,-0.37644999
EH42,EH,55.99366062,-2.525506164
CF34,CF,51.61055416,-3.652075918
WA14,WA,53.38780506,-2.360729504
BT63,BT,54.40723142,-6.390975876
CA23,CA,54.51513862,-3.493479268
DN19,DN,53.68411692,-0.36047829
L72,L,53.47724606,-2.978010216
EH21,EH,55.93851926,-3.046299951
IG7,IG,51.6143102,0.095574058
ME14,ME,51.27886272,0.543619336
NG2,NG,52.9346531,-1.134333399
EH45,EH,55.65445545,-3.190788037
PE20,PE,52.93146064,-0.104169922
BT15,BT,54.62340609,-5.932000627
PO19,PO,50.83818401,-0.778300501
PA23,PA,55.95380205,-4.93345784
NE17,NE,54.9128109,-1.81731591
EH8,EH,55.9487078,-3.164188333
IP8,IP,52.0632292,1.079147719
EC2Y,ECY,51.5194218,-0.093476269
B35,B,52.51888229,-1.78903783
NE67,NE,55.53652957,-1.691962165
G3,G,55.86584622,-4.277645124
NG16,NG,53.02742177,-1.294900645
AB43,AB,57.65725959,-2.044244731
KY12,KY,56.07706094,-3.496374426
G64,G,55.91141207,-4.216979499
SY18,SY,52.44150042,-3.549389069
LL65,LL,53.30103328,-4.570175299
CV47,CV,52.23548147,-1.384975481
HA3,HA,51.59383456,-0.320879916
TA19,TA,50.93509408,-2.915365039
PH3,PH,56.30188711,-3.704622184
BS2,BS,51.46000235,-2.582064865
EX8,EX,50.62982436,-3.401726843
SL6,SL,51.52398921,-0.72917441
CF32,CF,51.55994921,-3.584271435
TS21,TS,54.62805058,-1.428653144
KY6,KY,56.19740146,-3.200287923
BB94,BB,53.915243,-2.138033
HU18,HU,53.90990533,-0.168983082
PO21,PO,50.78508064,-0.698736383
NE19,NE,55.17881817,-2.097430893
DL1,DL,54.52949057,-1.538780507
SO52,SO,50.97755015,-1.443901671
AB15,AB,57.13752175,-2.168194789
NG1,NG,52.95468947,-1.148678656
TQ9,TQ,50.4166809,-3.69114423
SL2,SL,51.53570045,-0.60575972
SE14,SE,51.47589074,-0.042474433
PH19,PH,56.92628157,-4.255685143
RH3,RH,51.23265878,-0.277859916
WA13,WA,53.38232485,-2.469499927
CM19,CM,51.75945761,0.071173375
NG32,NG,52.95123734,-0.651248803
HP8,HP,51.63844256,-0.570027562
EH55,EH,55.84629395,-3.575467642
TN8,TN,51.1950996,0.077988533
LU3,LU,51.90861736,-0.442611596
ST12,ST,52.94689905,-2.172720008
PL31,PL,50.46908477,-4.722543739
NG22,NG,53.18170836,-0.978835961
M22,M,53.38587354,-2.26005685
NG15,NG,53.04487825,-1.203578767
NW6,NW,51.54222582,-0.196298879
ST3,ST,52.98077737,-2.123118597
NW10,NW,51.54126467,-0.248085856
SL1,SL,51.51786839,-0.622387675
SO16,SO,50.93663958,-1.43320973
W8,W,51.50112505,-0.194330145
SG3,SG,51.86054307,-0.18236053
SW7,SW,51.49628504,-0.177008489
B38,B,52.39990288,-1.934779328
CW98,CW,53.088659,-2.431145
LN5,LN,53.17371851,-0.557119579
NR27,NR,52.92426904,1.299849798
CF33,CF,51.5255667,-3.69316199
M28,M,53.51471007,-2.399147691
MK1,MK,52.0054885,-0.724581617
DT2,DT,50.74983317,-2.450840475
WR1,WR,52.19562552,-2.222055023
WR3,WR,52.21687018,-2.214069866
KT23,KT,51.28015865,-0.375756789
G42,G,55.83203837,-4.257448995
CT1,CT,51.27762303,1.08591498
SN38,SN,51.56279379,-1.806600537
TR6,TR,50.34195109,-5.153039392
LE16,LE,52.48600471,-0.89574505
SP8,SP,51.0372916,-2.290850051
SO15,SO,50.91707338,-1.424538715
CV23,CV,52.36863536,-1.285999488
PA3,PA,55.85148438,-4.445698151
DT8,DT,50.81994337,-2.758951335
WA88,WA,53.367973,-2.768674
SL60,SL,51.51854692,-0.7147825
SG12,SG,51.81430676,-0.016953074
PE4,PE,52.61197462,-0.262844274
CH65,CH,53.27703475,-2.90178791
NE18,NE,55.0378963,-1.864891942
LE12,LE,52.76786537,-1.191568382
SE16,SE,51.49660289,-0.052928296
WR13,WR,52.09295087,-2.342792877
KA4,KA,55.59912735,-4.381609876
NR13,NR,52.6337249,1.470388857
SG9,SG,51.95043771,-0.009242307
EN10,EN,51.73819974,-0.023055131
SS22,SS,51.55698,0.706823
CB22,CB,52.12840742,0.135146004
LL62,LL,53.21088357,-4.385978437
NG3,NG,52.96954586,-1.127362282
WD6,WD,51.65741843,-0.275676322
YO30,YO,53.98708509,-1.11701515
CR5,CR,51.31103538,-0.141440738
DA12,DA,51.42783162,0.387150685
SN14,SN,51.47567937,-2.199369522
NE39,NE,54.92339072,-1.761069586
LL41,LL,52.96943909,-3.939336396
RG7,RG,51.3976765,-1.077742544
DL3,DL,54.53249431,-1.57152259
GU27,GU,51.08133291,-0.721704532
S7,S,53.35522531,-1.491050477
TQ8,TQ,50.23687512,-3.771897247
DE3,DE,52.90968286,-1.54232884
CH3,CH,53.16472533,-2.819895506
PA19,PA,55.95296435,-4.826433
FY6,FY,53.86787719,-2.981520439
PO34,PO,50.71592045,-1.113475844
YO13,YO,54.28768626,-0.499367947
SE1P,SEP,51.49277682,-0.08015157
TN5,TN,51.059057,0.364901455
AL4,AL,51.77399982,-0.295030994
B95,B,52.28601931,-1.780666994
BT13,BT,54.6058922,-5.959588473
W10,W,51.52317219,-0.216552786
CA25,CA,54.52309426,-3.519182711
NR8,NR,52.67673698,1.204880396
EX6,EX,50.67658425,-3.597505433
TA24,TA,51.18193858,-3.510929762
SK9,SK,53.32778052,-2.230523578
BA14,BA,51.31926214,-2.201927536
PA72,PA,56.51742215,-5.96421815
HS5,HS,57.76548315,-7.011314
W6,W,51.49261206,-0.228568505
BS98,BS,51.45975,-2.588963
G71,G,55.82231135,-4.074743186
NP20,NP,51.59042275,-3.00651953
SW13,SW,51.47617202,-0.243661189
GU4,GU,51.2432618,-0.540255607
SW10,SW,51.48378494,-0.18280067
LL40,LL,52.75671559,-3.875098036
MK7,MK,52.01901725,-0.69131093
AB52,AB,57.34359719,-2.609066621
BA20,BA,50.93804833,-2.64509903
CM9,CM,51.74100105,0.701283712
DN40,DN,53.62111778,-0.226592566
LN12,LN,53.32927503,0.264060682
SS5,SS,51.60770131,0.648242409
WS11,WS,52.68818681,-2.017565122
EH38,EH,55.77733436,-2.952776636
LL69,LL,53.38623371,-4.319453343
M12,M,53.46426503,-2.201980739
BT60,BT,54.2927344,-6.648876583
NG18,NG,53.13820637,-1.184111812
BS8,BS,51.45754371,-2.622193142
IP22,IP,52.37603604,1.052713537
KA2,KA,55.59563089,-4.56653108
MK43,MK,52.11241414,-0.55873274
TA10,TA,51.03334121,-2.825971981
BD16,BD,53.84853933,-1.833274215
NP4,NP,51.71943592,-3.047010962
RG31,RG,51.45672661,-1.045504563
WA1,WA,53.39425558,-2.571473504
CF10,CF,51.47465361,-3.173368362
SY10,SY,52.83961719,-3.123459011
B17,B,52.46124656,-1.958657532
S60,S,53.41250489,-1.350476196
SE12,SE,51.44463881,0.019838025
IV48,IV,57.311117,-6.112792
KY13,KY,56.20830466,-3.433557787
HP16,HP,51.70222922,-0.719779296
HA4,HA,51.57039099,-0.410795288
BT30,BT,54.33517473,-5.702574241
SM3,SM,51.37125383,-0.216250724
L15,L,53.39757382,-2.920600627
S43,S,53.26762546,-1.340123602
GL52,GL,51.9190003,-2.058116536
SA19,SA,51.95473139,-3.948017925
ML6,ML,55.86773013,-3.961285348
BT3,BT,54.61758777,-5.903567919
OX33,OX,51.75840706,-1.139966046
SS99,SS,51.54777135,0.71426122
RG45,RG,51.37144517,-0.799592786
RM3,RM,51.60196138,0.224472935
LE6,LE,52.65704944,-1.233133016
G4,G,55.86764872,-4.252389862
WV7,WV,52.63548457,-2.279360747
CO15,CO,51.79637762,1.154846092
NW4,NW,51.58734792,-0.224318383
RG19,RG,51.39125863,-1.244964585
TS3,TS,54.56047401,-1.196882077
NR9,NR,52.63397342,1.107545353
IV10,IV,57.58454515,-4.126458914
TA5,TA,51.14328868,-3.096230313
KW10,KW,57.97406417,-3.978637619
CF95,CF,51.481196,-3.171039
SW18,SW,51.4512825,-0.191483098
EC4Y,ECY,51.51294591,-0.108785244
IP17,IP,52.23047696,1.501928149
WR2,WR,52.18840563,-2.248330423
CV13,CV,52.61736049,-1.412877562
B29,B,52.43763498,-1.948139771
L40,L,53.60313083,-2.841619637
DE15,DE,52.79826967,-1.608848327
SA3,SA,51.58106913,-4.05259723
GL7,GL,51.71147175,-1.896770042
NN8,NN,52.30317231,-0.69978907
PO41,PO,50.70095443,-1.475114841
M61,M,53.48654469,-2.228980398
PA12,PA,55.79418613,-4.626485162
SY15,SY,52.55336629,-3.132613879
LL53,LL,52.88401168,-4.493074579
CT11,CT,51.33609909,1.413214022
B12,B,52.46066261,-1.88353328
PA70,PA,56.36524267,-6.026887167
KA25,KA,55.75341754,-4.688521305
L35,L,53.41509342,-2.78280267
HR1,HR,52.06107197,-2.676336426
BT69,BT,54.41991269,-6.950441409
LL20,LL,52.95887884,-3.160657905
SN15,SN,51.47220984,-2.082793133
YO18,YO,54.25904023,-0.769062658
S97,S,53.50324487,-1.337964205
CM2,CM,51.72079954,0.486630271
CA9,CA,54.80095175,-2.413623927
PE27,PE,52.33153536,-0.071477334
PL33,PL,50.62187346,-4.73160419
CF3,CF,51.52034279,-3.111083853
HS2,HS,58.2484175,-6.462734712
WD18,WD,51.64915144,-0.41458988
FK21,FK,56.46594152,-4.321013519
NW5,NW,51.55181344,-0.144925739
TR23,TR,49.953605,-6.352647
B78,B,52.6053364,-1.673270044
MK5,MK,52.02091178,-0.784646712
CW5,CW,53.0617916,-2.52195705
PA20,PA,55.83419596,-5.057241377
M19,M,53.43643192,-2.196306782
BH16,BH,50.74017165,-2.047392844
PO10,PO,50.85224827,-0.929198478
S33,S,53.34406016,-1.739704735
TN36,TN,50.92030884,0.699038604
DL15,DL,54.7109815,-1.730349205
BT78,BT,54.57081066,-7.37625121
AB45,AB,57.65156417,-2.567577355
WC1B,WCB,51.51945419,-0.125953324
TN29,TN,50.99383297,0.932508905
EH43,EH,55.62384419,-3.011360815
FK19,FK,56.37075661,-4.313886607
MK46,MK,52.15564493,-0.702506892
W1F,WF,51.51349526,-0.136494579
LN10,LN,53.15868219,-0.217424896
SN99,SN,51.551996,-1.722548
NP15,NP,51.72636243,-2.886585444
BL2,BL,53.58852191,-2.395007537
L68,L,53.473055,-2.960691
FY5,FY,53.87529538,-3.021998189
TS11,TS,54.58761241,-1.026936597
LL15,LL,53.10321187,-3.316288773
TN26,TN,51.09635701,0.79743956
S1,S,53.37999478,-1.471060276
BN21,BN,50.77266851,0.276576924
OL4,OL,53.542423,-2.073555187
BN51,BN,50.80482088,-0.058662471
HD3,HD,53.65356122,-1.832022103
EC3R,ECR,51.510451,-0.083389562
DN37,DN,53.54001576,-0.138510314
BT67,BT,54.48693701,-6.266322358
GU19,GU,51.35962988,-0.691241257
TS16,TS,54.52224673,-1.355926037
LE1,LE,52.63398657,-1.132485908
IV28,IV,58.00970477,-4.158175864
NG33,NG,52.81624202,-0.581081655
WA55,WA,53.391319,-2.608974714
TW5,TW,51.48242542,-0.386226585
DN34,DN,53.55739545,-0.113352009
SY13,SY,52.95216979,-2.690123107
CF31,CF,51.5088749,-3.578507603
NR34,NR,52.43870962,1.583629821
NN2,NN,52.26247753,-0.888891264
NE47,NE,54.92856061,-2.254982569
GU5,GU,51.19904741,-0.509777601
M34,M,53.45651182,-2.118583994
IP28,IP,52.33102149,0.527926601
DN32,DN,53.56209821,-0.070184178
TA4,TA,51.07475648,-3.27156507
BS10,BS,51.50665952,-2.610748779
KW15,KW,58.97994108,-2.959971669
KA12,KA,55.61913536,-4.665198494
AL8,AL,51.80366173,-0.211685439
CH31,CH,53.32967533,-3.098807444
LA9,LA,54.32543111,-2.743347063
SO23,SO,51.06854184,-1.308320164
IG1,IG,51.55944857,0.073413634
TR13,TR,50.10960217,-5.286561685
WF90,WF,53.674434,-1.490892
SA5,SA,51.6488982,-3.97125456
W14,W,51.49468437,-0.210255941
SG6,SG,51.97899328,-0.222711663
WA3,WA,53.45630721,-2.547618707
HP19,HP,51.82365586,-0.828107112
YO10,YO,53.95047895,-1.05747628
TR7,TR,50.41385378,-5.074913398
SW2,SW,51.44928805,-0.119834055
BT39,BT,54.74556422,-6.017551296
TN35,TN,50.88288877,0.614016282
DD7,DD,56.50291171,-2.719470636
NE34,NE,54.97182617,-1.422431508
EN1,EN,51.65422027,-0.068036202
DE23,DE,52.90041796,-1.497720055
EH31,EH,56.03652774,-2.826838894
EX23,EX,50.82416798,-4.532795809
BT54,BT,55.20342835,-6.257126714
PO40,PO,50.68244616,-1.521783838
WA16,WA,53.30302712,-2.372312657
TQ4,TQ,50.42275261,-3.572244721
SW8,SW,51.47653832,-0.132007959
LL78,LL,53.31743352,-4.263254667
ML1,ML,55.79897253,-3.975256536
SW1H,SWH,51.49852283,-0.133597021
PH37,PH,56.82617625,-5.513213
WV14,WV,52.55728053,-2.078887293
SK10,SK,53.27570225,-2.131115635
PH38,PH,56.8438022,-5.7438068
BN6,BN,50.93098836,-0.155645593
SA16,SA,51.68932765,-4.257150637
L26,L,53.36451965,-2.832854149
DN9,DN,53.5059107,-0.892654217
OX11,OX,51.59948264,-1.252165883
YO51,YO,54.08995309,-1.394740342
IV46,IV,57.111859,-5.983988
BR4,BR,51.37506827,-0.008391232
BH23,BH,50.74745213,-1.754584725
CO9,CO,51.96906807,0.609303177
DA8,DA,51.4757401,0.176077695
SA40,SA,52.08430901,-4.175588557
PA7,PA,55.90744858,-4.503484915
BD7,BD,53.78343298,-1.785711623
SA63,SA,51.87428747,-4.856298805
KA15,KA,55.74844397,-4.626336962
CB21,CB,52.12791985,0.281611311
TR26,TR,50.20288437,-5.479120708
IG10,IG,51.64838346,0.066169065
G14,G,55.88044602,-4.350771464
DH2,DH,54.85972657,-1.599550906
M90,M,53.36348162,-2.278128624
CA12,CA,54.60253116,-3.134599156
DE45,DE,53.21477123,-1.678149383
RG25,RG,51.22741841,-1.162925821
ML5,ML,55.85974649,-4.031654109
NN17,NN,52.50108106,-0.684799005
LA21,LA,54.3630717,-3.078321761
SY12,SY,52.9029458,-2.895596251
TN2,TN,51.12684298,0.273761337
NE13,NE,55.04390418,-1.64700461
YO43,YO,53.84935052,-0.684395532
PA27,PA,56.15533923,-5.086067045
SY2,SY,52.70585133,-2.729320351
SG14,SG,51.80817334,-0.093873897
TA1,TA,51.01323789,-3.102876917
PO38,PO,50.60530091,-1.243165121
L17,L,53.37758286,-2.940532794
SK12,SK,53.35147875,-2.09263207
B13,B,52.43755616,-1.878932515
MK3,MK,51.99386433,-0.751844362
CO6,CO,51.92532425,0.792389715
IV4,IV,57.45084375,-4.524427752
DA18,DA,51.4942805,0.136047129
G72,G,55.80414283,-4.129455454
NN12,NN,52.12652297,-1.00015373
TS22,TS,54.62480151,-1.319803923
DD1,DD,56.46101893,-2.976419492
NE29,NE,55.01175745,-1.465434279
PA78,PA,56.6264236,-6.5458418
M40,M,53.5041474,-2.190908024
CO16,CO,51.82195489,1.122684999
CV2,CV,52.42451282,-1.463591794
LL52,LL,52.92490401,-4.240868747
B15,B,52.4661136,-1.92350593
OL15,OL,53.64481168,-2.099914287
PA30,PA,56.01329181,-5.44947886
M13,M,53.46038493,-2.215403729
WR8,WR,52.07458064,-2.207156344
BN88,BN,50.82748525,-0.14005725
NN18,NN,52.47796052,-0.713070057
SA70,SA,51.67258155,-4.741777736
LU7,LU,51.90740514,-0.66322096
IV63,IV,57.3047955,-4.53259947
SW3,SW,51.4891305,-0.165711226
EC4V,ECV,51.51243732,-0.09982423
MK19,MK,52.07468329,-0.855303196
KW9,KW,58.01368094,-3.858870338
RM2,RM,51.58428506,0.203231786
SE9,SE,51.44514241,0.054826263
SA35,SA,51.97120323,-4.558561163
PO22,PO,50.80011224,-0.647676568
GL10,GL,51.74352656,-2.286629991
CT18,CT,51.11559661,1.149386224
LS27,LS,53.74872951,-1.603461407
CB24,CB,52.27810232,0.082123023
TA20,TA,50.87356779,-2.962306246
TF3,TF,52.66731533,-2.448205731
TR21,TR,49.91902531,-6.298640944
S5,S,53.42221925,-1.46320865
MK44,MK,52.19694042,-0.424114861
CF82,CF,51.65109821,-3.237964974
SS14,SS,51.57603647,0.474591551
DY9,DY,52.43323953,-2.122484456
RH19,RH,51.12563342,-0.014270302
SA42,SA,52.01546297,-4.852654928
NE46,NE,54.97907825,-2.107690777
CA24,CA,54.51546153,-3.543534158
SO45,SO,50.84686358,-1.394804119
PA10,PA,55.83287955,-4.551435954
DN15,DN,53.61443785,-0.652151242
CA19,CA,54.3869101,-3.383899657
DE24,DE,52.889206,-1.452992405
SK17,SK,53.24459104,-1.881205566
KY8,KY,56.19726247,-3.012619705
BS35,BS,51.59775891,-2.548850098
KW12,KW,58.5055264,-3.492685688
LS12,LS,53.79122473,-1.597274933
LL57,LL,53.206929,-4.111888557
NW11,NW,51.57842827,-0.197467481
B80,B,52.2735002,-1.892231676
NR12,NR,52.75975958,1.471897255
M7,M,53.50551269,-2.262527356
PH18,PH,56.77324433,-3.890464935
SN16,SN,51.59247558,-2.085730588
BS24,BS,51.33022302,-2.929385215
S17,S,53.32130687,-1.528942037
DY6,DY,52.4984351,-2.164514546
BL5,BL,53.54819136,-2.51544963
PE30,PE,52.75967609,0.416533363
HU13,HU,53.72556229,-0.438555324
LN11,LN,53.37309724,0.026203833
SO43,SO,50.88622841,-1.589332754
HU14,HU,53.72822035,-0.499456656
YO11,YO,54.26422462,-0.39647596
BN14,BN,50.83403437,-0.381714753
ST2,ST,53.02812379,-2.135437579
DT5,DT,50.54879799,-2.442514071
CM22,CM,51.86580254,0.226945434
BT46,BT,54.86540861,-6.663417089
LL26,LL,53.13944151,-3.785900392
SS2,SS,51.5509058,0.716783574
B47,B,52.38546778,-1.880112711
HP11,HP,51.62398046,-0.745496361
YO90,YO,53.9597086,-1.0902501
PA67,PA,56.31420407,-6.231374133
NR30,NR,52.61979893,1.727744702
EX36,EX,51.01658429,-3.79569787
WA7,WA,53.33054568,-2.703714044
WV4,WV,52.56138731,-2.144647012
HD5,HD,53.64743979,-1.746222869
TQ5,TQ,50.39179632,-3.523464786
CO4,CO,51.90913942,0.919700277
BH15,BH,50.72237346,-1.984970571
CM6,CM,51.87829233,0.365426404
EX2,EX,50.70957241,-3.514554839
E2,E,51.52960366,-0.062597572
KT8,KT,51.40154183,-0.363198163
CM14,CM,51.61870584,0.292124705
KW14,KW,58.58861405,-3.554862105
TR4,TR,50.28571223,-5.13757135
BS40,BS,51.34657739,-2.691645954
EC2M,ECM,51.5185861,-0.086285585
NG11,NG,52.89910927,-1.174153114
GL3,GL,51.8619334,-2.17609759
HP18,HP,51.82027538,-0.969498519
SN25,SN,51.59792266,-1.808726772
TS2,TS,54.58553873,-1.237291017
CA21,CA,54.44543619,-3.516422081
TR18,TR,50.11739223,-5.542510625
LA11,LA,54.1999645,-2.926099303
IG8,IG,51.60962044,0.0375728
PL30,PL,50.50168452,-4.728450974
NE6,NE,54.97748684,-1.565785741
EX37,EX,50.9785956,-3.953616015
S49,S,53.23505522,-1.434758
EX10,EX,50.69317266,-3.246629426
BN5,BN,50.92734239,-0.268871164
KA5,KA,55.51027417,-4.387837572
WC2E,WCE,51.51186981,-0.123363246
WD19,WD,51.63092052,-0.390753157
WS8,WS,52.64744052,-1.933197561
DN18,DN,53.68108292,-0.447979216
EX33,EX,51.11523499,-4.174336444
DE65,DE,52.86694336,-1.610523681
LA4,LA,54.0702445,-2.852518036
GL2,GL,51.84317661,-2.270525835
BT45,BT,54.76007985,-6.639207045
BS21,BS,51.43500291,-2.849888227
EH20,EH,55.87882649,-3.157269066
SL5,SL,51.40564492,-0.663891498
BT16,BT,54.5906793,-5.797178628
PO8,PO,50.91359946,-1.011607283
RG4,RG,51.48262184,-0.969713019
KW11,KW,58.30804217,-4.136208667
HP15,HP,51.65850601,-0.711734655
BT77,BT,54.42887854,-7.11840244
CH1,CH,53.20203553,-2.908885445
NR7,NR,52.6443849,1.336170998
EX20,EX,50.75185438,-4.018865897
EH26,EH,55.83338771,-3.224244062
SE22,SE,51.45445892,-0.072426041
GL5,GL,51.73816678,-2.221013485
EH34,EH,55.9082836,-2.880859701
EX12,EX,50.70686973,-3.081867649
PA14,PA,55.92735998,-4.664217909
NW8,NW,51.53227236,-0.174576944
PE34,PE,52.72503217,0.336937677
PO14,PO,50.8386737,-1.219264805
SA1,SA,51.62656976,-3.940386679
AB30,AB,56.84694367,-2.477740534
DL14,DL,54.65152926,-1.692040002
SG10,SG,51.84676287,0.075405083
BH12,BH,50.73734583,-1.927791801
LU2,LU,51.8932262,-0.394485307
S3,S,53.38747145,-1.474042303
PE25,PE,53.15402693,0.334226788
BD1,BD,53.79668819,-1.754531649
RH15,RH,50.95751669,-0.131053677
G40,G,55.84755295,-4.220993166
LL55,LL,53.13326878,-4.203583527
EH24,EH,55.84969273,-3.136916581
HP21,HP,51.80527646,-0.805871871
YO61,YO,54.11770911,-1.195736325
LL12,LL,53.08752354,-2.989157823
SO18,SO,50.92412419,-1.362073118
NW7,NW,51.6148558,-0.235174541
NE8,NE,54.95495444,-1.606579008
BL6,BL,53.59178847,-2.54082415
SO32,SO,50.94932559,-1.202749667
S11,S,53.36074467,-1.507922916
DH97,DH,54.792717,-1.53502
SA38,SA,52.04020457,-4.476531099
OX3,OX,51.76219425,-1.211769361
DE14,DE,52.80500176,-1.642973343
LS29,LS,53.91896641,-1.800781241
TS26,TS,54.68895593,-1.23264372
SW1P,SWP,51.49024575,-0.13271621
KA28,KA,55.7540519,-4.925334194
DE6,DE,52.99276924,-1.718098901
EH25,EH,55.86139634,-3.174641387
SE24,SE,51.45629412,-0.100249853
SG8,SG,52.06437322,-0.014798409
PL8,PL,50.33538008,-4.010493837
EX5,EX,50.75613322,-3.435313187
NE64,NE,55.18465034,-1.515399033
W1T,WT,51.52023536,-0.136693067
G45,G,55.8049621,-4.232841308
HR5,HR,52.1965119,-3.03644981
IP24,IP,52.41981589,0.757825851
KA16,KA,55.60750514,-4.328241473
WA15,WA,53.38457281,-2.325922232
BT57,BT,55.20342085,-6.517732478
B97,B,52.29944975,-1.954790824
PR7,PR,53.64856019,-2.655282498
G74,G,55.7688849,-4.174939684
OX15,OX,52.03027223,-1.411522847
PA28,PA,55.43760888,-5.603928818
CM12,CM,51.6282669,0.414483692
PH16,PH,56.70686921,-3.807009069
CV31,CV,52.27773393,-1.524644059
GU32,GU,51.00903015,-0.968219546
DN22,DN,53.32381224,-0.928440881
G33,G,55.87414095,-4.165246368
ML4,ML,55.81833735,-4.021462114
NE4,NE,54.97396478,-1.644533468
BT33,BT,54.22335501,-5.891185938
IV11,IV,57.67721098,-4.039029932
BN11,BN,50.81356379,-0.377143432
RG30,RG,51.45113699,-1.014794294
DE75,DE,53.01303681,-1.354230248
HG3,HG,54.03032923,-1.618480537
IV53,IV,57.34428509,-5.554693818
LD8,LD,52.26455035,-3.048203052
N1C,NC,51.53651497,-0.125765757
HR7,HR,52.1853708,-2.523862767
NE85,NE,54.93194825,-1.58474275
HU16,HU,53.78151058,-0.421864845
CF15,CF,51.53355771,-3.272031062
OL95,OL,53.556338,-2.105401
CF30,CF,51.51962653,-3.119566765
PA17,PA,55.86333342,-4.885272155
EH32,EH,55.96747365,-2.9508507
BH24,BH,50.84323626,-1.788409641
NE31,NE,54.97077743,-1.513377083
WF4,WF,53.64669415,-1.519029743
IP9,IP,51.98929539,1.147339239
M18,M,53.46130604,-2.170497255
DT11,DT,50.86164611,-2.183357245
PL10,PL,50.34516866,-4.211298034
LA20,LA,54.29420118,-3.206342793
FK20,FK,56.40540552,-4.640136478
BT24,BT,54.41740662,-5.871600919
B43,B,52.54854191,-1.930801583
NR22,NR,52.89446603,0.865141687
BS49,BS,51.38277991,-2.811984909
S18,S,53.29944574,-1.474446689
WC1R,WCR,51.51962223,-0.115858205
GU15,GU,51.33555099,-0.737329827
SE13,SE,51.45943974,-0.009609356
B16,B,52.47719219,-1.934349715
NE15,NE,54.9845884,-1.724432349
CO11,CO,51.94205269,1.076745591
CF91,CF,51.46556494,-3.193989313
HU2,HU,53.75076621,-0.340693592
KA21,KA,55.64207024,-4.784411056
TN17,TN,51.09620638,0.536711635
KA7,KA,55.44715473,-4.63034542
DN31,DN,53.56999713,-0.089094476
SA71,SA,51.66810037,-4.929293528
NR3,NR,52.64328787,1.291702304
PH26,PH,57.32992998,-3.606009489
KT3,KT,51.39958715,-0.257505372
NG80,NG,52.931041,-1.190517321
BT65,BT,54.44463825,-6.365543255
CM98,CM,51.75210205,0.518427632
BT20,BT,54.65857542,-5.665579452
CH2,CH,53.21785509,-2.86886414
BN44,BN,50.8912012,-0.322033624
LS14,LS,53.82762345,-1.45828516
DN11,DN,53.44880915,-1.082153069
SY6,SY,52.53713999,-2.791649286
LL11,LL,53.0634937,-3.036304888
HA0,HA,51.55133296,-0.305710745
CF23,CF,51.51444874,-3.155211722
WV2,WV,52.57364689,-2.11848593
DH9,DH,54.86846598,-1.710974228
IV49,IV,57.2289404,-5.94324769
CO8,CO,51.9733946,0.765748285
PE12,PE,52.78504659,0.028270689
TR10,TR,50.16757734,-5.118995074
NN13,NN,52.03397041,-1.148186255
E15,E,51.54041159,0.00351993
GL14,GL,51.81811581,-2.482460712
LS28,LS,53.8022845,-1.669987858
PE11,PE,52.80559106,-0.166921824
NR14,NR,52.56244996,1.376420357
TR17,TR,50.1255129,-5.468838899
PR26,PR,53.68776424,-2.740909137
DY11,DY,52.38448251,-2.262126101
FY3,FY,53.82127642,-3.020457901
IP32,IP,52.25449043,0.719590017
SY5,SY,52.65150387,-2.832727006
RH9,RH,51.23636516,-0.063073118
NW1W,NWW,51.53078432,-0.135425823
WS2,WS,52.58926794,-2.004368151
GU16,GU,51.30974418,-0.72643715
LS24,LS,53.86876732,-1.25276303
WS15,WS,52.75864803,-1.91748749
N20,N,51.62925528,-0.174356015
E18,E,51.59275775,0.024951511
OL8,OL,53.52590913,-2.117283576
TN25,TN,51.14170301,0.938486937
L24,L,53.34348375,-2.83903262
LE21,LE,52.62646212,-1.145558353
TS18,TS,54.56091591,-1.324196035
SA37,SA,52.01588958,-4.592281386
W1D,WD,51.51331619,-0.132760429
EC4M,ECM,51.5142918,-0.099409537
LN1,LN,53.26081374,-0.591936107
LL66,LL,53.37968632,-4.4082015
PR11,PR,53.79455972,-2.684987906
UB4,UB,51.52594501,-0.408439626
KW8,KW,58.11528076,-3.665101079
BN43,BN,50.83608833,-0.266696414
IV24,IV,57.891236,-4.355877178
YO19,YO,53.9058751,-1.020651055
CR6,CR,51.30908682,-0.052836948
NE10,NE,54.94717871,-1.553899266
B69,B,52.50278347,-2.030540157
TR1,TR,50.26345183,-5.055077802
E6,E,51.52656045,0.053931972
TF4,TF,52.66267802,-2.471475415
EH91,EH,55.92497777,-3.2986005
NN10,NN,52.29286797,-0.59771704
GL1,GL,51.85926473,-2.243812578
EC4R,ECR,51.51080976,-0.090389161
DG10,DG,55.320055,-3.43817626
BS20,BS,51.48059666,-2.753423828
DG7,DG,54.96848566,-4.013828301
TA12,TA,50.97483805,-2.773103459
NG4,NG,52.9710428,-1.087737617
BB8,BB,53.85797642,-2.163494256
W1C,WC,51.51442381,-0.149195863
G15,G,55.90924081,-4.366221602
NR25,NR,52.92022572,1.082782015
PA68,PA,56.43455367,-6.142654667
ST14,ST,52.90445131,-1.86996392
PA37,PA,56.4673164,-5.390039322
CA7,CA,54.80756961,-3.239298868
PL27,PL,50.52387394,-4.874477913
RM19,RM,51.48285258,0.244382084
ME2,ME,51.39152331,0.481481153
PA22,PA,55.97142669,-5.134417125
TN15,TN,51.30267402,0.27455583
NE28,NE,55.00017012,-1.520742611
DG12,DG,54.99013488,-3.251552665
NN1,NN,52.24156905,-0.888095
CA3,CA,54.90922318,-2.940264474
NN16,NN,52.40469605,-0.705493957
DG13,DG,55.17327157,-3.029985079
TF6,TF,52.73673459,-2.555963463
KT18,KT,51.31601116,-0.263352278
TD9,TD,55.39725152,-2.776684337
NN5,NN,52.24677921,-0.935794476
SP1,SP,51.07519664,-1.788782878
AL6,AL,51.83217263,-0.199859118
LL71,LL,53.32953896,-4.370876494
N7,N,51.55346009,-0.118347097
CH42,CH,53.37389195,-3.022770592
CF38,CF,51.56056635,-3.332784996
NP24,NP,51.71898843,-3.238528946
SA31,SA,51.8566969,-4.308313706
PH13,PH,56.53710657,-3.274717984
EX15,EX,50.87751209,-3.340525987
WN6,WN,53.57520474,-2.671933963
AB24,AB,57.16392354,-2.107929587
RG40,RG,51.40012892,-0.835851718
GU51,GU,51.28435454,-0.8424901
NE71,NE,55.55512942,-2.043905863
CH49,CH,53.38110086,-3.103959899
MK16,MK,52.08956944,-0.721828894
UB2,UB,51.4994759,-0.379287867
W9,W,51.52489396,-0.192637574
PH21,PH,57.08983138,-4.019910255
M2,M,53.48039245,-2.244514535
BT8,BT,54.54055899,-5.906585036
KA18,KA,55.45139034,-4.242433335
BT29,BT,54.62080068,-6.196857849
LU1,LU,51.87442606,-0.427059999
HG4,HG,54.15697413,-1.566680289
SY20,SY,52.61480928,-3.818725181
LL33,LL,53.25075414,-3.97899094
SL4,SL,51.47527864,-0.627399982
GL56,GL,51.98947614,-1.703481978
CT14,CT,51.21678184,1.385403708
SA72,SA,51.6917994,-4.93557219
M46,M,53.52584754,-2.492297309
BA15,BA,51.34825924,-2.258112956
S41,S,53.24726496,-1.428296217
NE98,NE,54.9722948,-1.5983485
BH8,BH,50.74208019,-1.851886492
L38,L,53.5239463,-3.051271204
EX11,EX,50.74678538,-3.289574799
AB54,AB,57.45428922,-2.761611101
SP5,SP,51.02150128,-1.770297458
PL29,PL,50.58621345,-4.830153207
CV33,CV,52.25545258,-1.48654569
HP13,HP,51.63446675,-0.740461661
WF2,WF,53.67245781,-1.512440979
NE88,NE,54.95050343,-1.610196857
SY1,SY,52.72261213,-2.740533218
G21,G,55.88222553,-4.220132242
WF1,WF,53.68755642,-1.493688346
SL0,SL,51.52604999,-0.51722777
SW16,SW,51.42125279,-0.129235431
FK1,FK,55.98501646,-3.79475655
ST6,ST,53.05795805,-2.189599895
CV3,CV,52.39102225,-1.478214383
BT94,BT,54.37628838,-7.533989274
DY12,DY,52.38645868,-2.332532696
CR44,CR,51.382348,-0.132875
CW12,CW,53.16574897,-2.213560253
WR11,WR,52.09563878,-1.928899812
G75,G,55.75078598,-4.198431432
SA73,SA,51.71763096,-5.012195661
M25,M,53.52839389,-2.27575226
PH8,PH,56.56241035,-3.599222342
EH16,EH,55.92246706,-3.15297022
BT68,BT,54.36490506,-6.84822428
WN2,WN,53.53590948,-2.58210575
SG1,SG,51.9130636,-0.195014835
RM10,RM,51.54484537,0.157868473
N13,N,51.61809998,-0.104231204
LA5,LA,54.14390089,-2.791954311
TW16,TW,51.41581175,-0.416972729
E1W,EW,51.50910586,-0.058923049
MK4,MK,52.004055,-0.784351533
L70,L,53.40406827,-2.9567696
DD6,DD,56.43634959,-2.926068383
HS7,HS,57.44663253,-7.33991786
DY1,DY,52.51645249,-2.096579278
LL73,LL,53.33523625,-4.244910667
AB31,AB,57.07310123,-2.522582867
TF9,TF,52.89710141,-2.469983497
BD21,BD,53.86422339,-1.907690836
W1G,WG,51.51932422,-0.148274225
DA11,DA,51.43461878,0.350602454
BH11,BH,50.76215562,-1.919619255
L33,L,53.49008403,-2.876799125
NE12,NE,55.02422947,-1.570444314
NR19,NR,52.6751125,0.929976664
DH5,DH,54.82327804,-1.45518893
TW1,TW,51.45110019,-0.325612404
TN40,TN,50.84501933,0.482371932
IV40,IV,57.27435953,-5.647610138
LL45,LL,52.82216172,-4.096273111
BA8,BA,50.99616413,-2.411666744
SR8,SR,54.76678264,-1.336555022
DG16,DG,54.99715888,-3.068596014
LA8,LA,54.32371294,-2.762315519
SA39,SA,52.01889015,-4.243673872
LN3,LN,53.24184355,-0.417034495
KT21,KT,51.31119103,-0.303557974
LA3,LA,54.04987137,-2.879375503
SN8,SN,51.40651277,-1.685663367
CB6,CB,52.40471891,0.221873061
PE28,PE,52.35840431,-0.190072791
PO12,PO,50.7979211,-1.141803996
RM17,RM,51.47970696,0.328481294
W1K,WK,51.51113112,-0.151040503
RM16,RM,51.49298503,0.340847734
DT9,DT,50.94208824,-2.51604045
DY7,DY,52.46635268,-2.230983768
WS7,WS,52.67977139,-1.921522528
RH18,RH,51.09322892,0.035637629
BS29,BS,51.33005391,-2.874131408
PA47,PA,55.6820244,-6.504048267
BN20,BN,50.77480407,0.251930668
AB33,AB,57.22561503,-2.740820624
EH36,EH,55.85544745,-2.854293909
N22,N,51.59988773,-0.110238173
DL11,DL,54.43944888,-1.876733246
DY8,DY,52.46088474,-2.15585378
RG20,RG,51.403541,-1.337726955
SA20,SA,52.01157037,-3.787545255
CA20,CA,54.41037874,-3.462244665
CM16,CM,51.70023417,0.120093405
BD22,BD,53.84580456,-1.955382166
TF8,TF,52.62930331,-2.482107897
EX1,EX,50.72786194,-3.500899353
SE4,SE,51.46100172,-0.035209397
DA10,DA,51.44192431,0.30491611
CF14,CF,51.51983775,-3.204343676
S26,S,53.35267756,-1.291532437
IV16,IV,57.66350244,-4.339564255
HX2,HX,53.73856545,-1.906628053
S66,S,53.42015995,-1.244048788
DN8,DN,53.61527797,-0.955183526
CH28,CH,53.4005872,-3.1119438
OL11,OL,53.60592571,-2.17689215
TR20,TR,50.13178962,-5.488552952
NN4,NN,52.21467272,-0.899666524
DE55,DE,53.10239905,-1.372286425
M30,M,53.48434341,-2.35543149
CW7,CW,53.1899306,-2.529084987
M9,M,53.52200518,-2.21394066
BL11,BL,53.57225758,-2.425380581
EN3,EN,51.66037857,-0.03667686
CA5,CA,54.85473556,-3.019256219
BA12,BA,51.17093836,-2.18872598
CF43,CF,51.65761557,-3.450059796
M99,M,53.48480425,-2.231000833
DN38,DN,53.56049311,-0.391153272
BB9,BB,53.83741863,-2.215622767
BS11,BS,51.49730627,-2.675303549
TQ2,TQ,50.47642334,-3.546229367
PH25,PH,57.26156851,-3.647977371
SE15,SE,51.47273415,-0.065648807
TD11,TD,55.78798511,-2.313526731
L2,L,53.40687317,-2.990055543
LL63,LL,53.2184237,-4.471923567
L10,L,53.47447695,-2.926630384
LE19,LE,52.58409688,-1.206787548
AB25,AB,57.15269868,-2.114032215
BS13,BS,51.41207244,-2.611992542
CH61,CH,53.34911473,-3.102011329
CV4,CV,52.39715666,-1.570909914
SE2,SE,51.48970142,0.115893822
PA33,PA,56.36681327,-5.064011182
W11,W,51.51229824,-0.216151032
B21,B,52.50691084,-1.941468919
ST7,ST,53.08854468,-2.268321877
IV47,IV,57.29520895,-6.344421421
RH1,RH,51.23734144,-0.157659604
WD3,WD,51.64655139,-0.482364507
GU25,GU,51.40107514,-0.572020136
BD15,BD,53.81012584,-1.838338531
HU10,HU,53.75148578,-0.441794914
L69,L,53.38768827,-2.974730543
ST15,ST,52.90019077,-2.150299125
B63,B,52.45151686,-2.069844201
CB9,CB,52.0833232,0.43977939
ME10,ME,51.34360276,0.735384194
TD3,TD,55.70179124,-2.573799933
SA41,SA,51.99524263,-4.705786964
PA35,PA,56.4048289,-5.22743955
HA1,HA,51.5798839,-0.338256725
OL12,OL,53.63644196,-2.165329057
BH17,BH,50.74688378,-1.980080461
DN16,DN,53.56744381,-0.63969509
BH2,BH,50.72107188,-1.884058832
G61,G,55.91912187,-4.331673482
OX4,OX,51.73130235,-1.217410248
SA18,SA,51.79773256,-3.960852885
TQ10,TQ,50.4234489,-3.82620089
SE11,SE,51.48983614,-0.111633851
LS7,LS,53.82057744,-1.539651403
S75,S,53.5627266,-1.521474261
LA10,LA,54.31369544,-2.493605136
KY7,KY,56.19776881,-3.1580914
LS5,LS,53.8210059,-1.607423139
SA47,SA,52.1921943,-4.29965769
LA12,LA,54.20328487,-3.083515385
LL72,LL,53.35237109,-4.240013233
ZE3,ZE,59.88294742,-1.304359333
S73,S,53.52444092,-1.39507222
G41,G,55.83761606,-4.284451123
WN5,WN,53.53190871,-2.687359774
SN2,SN,51.57769694,-1.782886614
W1H,WH,51.51770241,-0.161023722
CF37,CF,51.60334573,-3.334326653
PE22,PE,53.04968871,0.044599401
LL21,LL,52.98998166,-3.410043641
BB6,BB,53.79305638,-2.417386148
PO6,PO,50.84660829,-1.070075741
CH70,CH,53.19274443,-2.922557087
EH53,EH,55.89453386,-3.473065779
EX18,EX,50.90198623,-3.887638455
TW12,TW,51.42286238,-0.369775217
WN1,WN,53.55334191,-2.628114623
AB23,AB,57.21317457,-2.089247539
N15,N,51.58280679,-0.080745122
PR1,PR,53.7573676,-2.70174892
CM0,CM,51.6630446,0.834576795
GU33,GU,51.05179161,-0.890209488
LS25,LS,53.78565105,-1.3258947
B99,B,52.49592642,-1.894258808
N18,N,51.61389149,-0.06662715
M1,M,53.47754618,-2.23622328
NE23,NE,55.08005178,-1.582796371
IV13,IV,57.34180574,-4.020857789
LL29,LL,53.28909359,-3.70831526
SO50,SO,50.96931783,-1.340560385
M50,M,53.47502236,-2.294372927
PA74,PA,56.532966,-6.229753
HU4,HU,53.73613275,-0.404151862
BN26,BN,50.82116018,0.22273627
ML2,ML,55.77688338,-3.913598666
HP17,HP,51.77689477,-0.88419414
EH99,EH,55.947641,-3.2037715
G9,G,55.86874,-4.243491
GU29,GU,50.98466808,-0.747811683
PA32,PA,56.19762191,-5.125377825
NE2,NE,54.98707686,-1.60615592
TF11,TF,52.66519161,-2.358257027
BS3,BS,51.43865908,-2.603065104
AL2,AL,51.71917025,-0.335428261
LE9,LE,52.57308784,-1.281191786
W7,W,51.51188247,-0.335952125
N4,N,51.57008864,-0.104145355
TN6,TN,51.05228282,0.175487822
DA16,DA,51.46483485,0.10626533
S63,S,53.51859776,-1.330616938
PH40,PH,56.9632687,-5.8016539
CT17,CT,51.12909655,1.293784036
DY3,DY,52.53085343,-2.130962282
SW1E,SWE,51.49801481,-0.139789678
G68,G,55.95298926,-4.015994334
WV11,WV,52.61055482,-2.072077973
CW11,CW,53.14324332,-2.367382739
BT37,BT,54.67743768,-5.908196762
DL13,DL,54.71703366,-1.95756621
HP5,HP,51.71283762,-0.608576767
ME18,ME,51.2419634,0.415076774
FY7,FY,53.91599939,-3.027377887
FK8,FK,56.13167753,-4.05909875
CF35,CF,51.5226284,-3.525385131
TS10,TS,54.60680563,-1.069132527
NE49,NE,54.96729476,-2.460803729
CW6,CW,53.16242702,-2.667092112
EC2N,ECN,51.51575405,-0.085545596
BT34,BT,54.15279219,-6.176823843
WC2R,WCR,51.51168891,-0.1183191
RH14,RH,51.03315056,-0.485175736
DL2,DL,54.52815841,-1.597957349
LL61,LL,53.19594843,-4.26264052
DT7,DT,50.72942918,-2.94746341
UB10,UB,51.54938813,-0.452012865
DN41,DN,53.5811991,-0.195479609
WA9,WA,53.4360852,-2.719278055
HS6,HS,57.60179606,-7.301064231
CF24,CF,51.48797895,-3.162000385
SO24,SO,51.0842395,-1.14745822
WD5,WD,51.70283233,-0.416376162
TR16,TR,50.23272535,-5.221217128
UB1,UB,51.51560796,-0.373284168
NG12,NG,52.90912074,-1.051842444
YO1,YO,53.95861005,-1.082640238
WC1H,WCH,51.52689622,-0.125592
SL8,SL,51.57871241,-0.708718617
PE8,PE,52.52205793,-0.453782281
PR4,PR,53.75449264,-2.834258748
LL64,LL,53.22870381,-4.518231948
SK22,SK,53.37242883,-1.984500052
B11,B,52.45454322,-1.858100392
L21,L,53.47138198,-3.000352506
TQ14,TQ,50.55076613,-3.507834649
L37,L,53.55711918,-3.063731275
BT56,BT,55.19758745,-6.650554966
BT31,BT,54.27691402,-5.968582233
SW4,SW,51.46111161,-0.136480999
NE32,NE,54.96780239,-1.48449119
BH31,BH,50.87595169,-1.87254973
RG23,RG,51.25871817,-1.14943995
DN10,DN,53.42452385,-0.935207486
OL14,OL,53.71451588,-2.100979019
DD9,DD,56.74815103,-2.668388489
EH22,EH,55.88490909,-3.060605537
CA13,CA,54.65974646,-3.368262281
RG18,RG,51.43143184,-1.260172028
RM15,RM,51.5087394,0.276272037
LS23,LS,53.90032943,-1.34845283
B98,B,52.3022717,-1.913217423
L14,L,53.41794445,-2.881098719
DD3,DD,56.48315372,-2.989912702
SA65,SA,51.98802989,-4.969803391
TA18,TA,50.88293797,-2.787388758
BS1,BS,51.45336014,-2.593410803
NP13,NP,51.7353274,-3.141461799
EN2,EN,51.65998813,-0.094203727
TW8,TW,51.48730834,-0.306394765
AB44,AB,57.66825928,-2.492265993
GU31,GU,50.99698488,-0.903483341
BT48,BT,55.01026227,-7.327603493
BT19,BT,54.65136652,-5.667167279
TW11,TW,51.42630759,-0.331773288
GU6,GU,51.14054794,-0.483999512
LE15,LE,52.65630994,-0.701957543
SA33,SA,51.84955572,-4.441154349
WV99,WV,52.67134598,-2.420289716
NE21,NE,54.95762214,-1.721328035
BD9,BD,53.81287812,-1.792317552
BD14,BD,53.7821876,-1.818342556
CT21,CT,51.07262942,1.076218101
RH12,RH,51.07716047,-0.332270934
L80,L,53.469219,-2.969084
S99,S,53.40424072,-1.431034917
ME8,ME,51.36128487,0.596679655
RG6,RG,51.4382441,-0.928494514
NG5,NG,52.99728171,-1.14422769
ST4,ST,52.99453355,-2.185479816
G1,G,55.85885485,-4.24887285
IP98,IP,52.376595,1.1109275
NE63,NE,55.17817899,-1.563243578
PL28,PL,50.53282147,-4.967275643
L12,L,53.43502073,-2.895768361
PE5,PE,52.575091,-0.351304673
PO20,PO,50.78343572,-0.785008056
B10,B,52.46959041,-1.852347483
KY5,KY,56.1454006,-3.295076338
BT9,BT,54.57204286,-5.949998611
AB21,AB,57.20961119,-2.20202305
AB39,AB,56.9792298,-2.217178846
EN4,EN,51.64904684,-0.160802347
GL20,GL,52.00231122,-2.132266755
B18,B,52.49135315,-1.925688102
PH50,PH,56.71453293,-4.964903432
BB11,BB,53.7826926,-2.253843203
DE4,DE,53.12694213,-1.565521058
B6,B,52.50528708,-1.885975979
DE12,DE,52.72340169,-1.554013027
LL76,LL,53.30072889,-4.239334222
PE3,PE,52.58439152,-0.275317166
NG9,NG,52.92587369,-1.238487848
SK8,SK,53.379737,-2.209126348
TR22,TR,49.895171,-6.340873
BS37,BS,51.54076188,-2.414101371
SK1,SK,53.40760326,-2.151469961
B65,B,52.4836658,-2.043821982
LU6,LU,51.87793788,-0.537988023
B8,B,52.49113093,-1.841322231
TF5,TF,52.71717428,-2.539170356
CH47,CH,53.39648137,-3.169181418
DL6,DL,54.37120651,-1.39030306
IP33,IP,52.24287652,0.708777308
M6,M,53.49270908,-2.299145661
WD4,WD,51.70587943,-0.456479613
SK2,SK,53.39435021,-2.132434624
TD5,TD,55.58791524,-2.417047587
PL16,PL,50.64654918,-4.263814144
TS28,TS,54.72564016,-1.375002799
GL11,GL,51.68982553,-2.357201289
TS4,TS,54.55598198,-1.222879063
LS3,LS,53.80257675,-1.563485398
IV15,IV,57.59934483,-4.431539469
PL95,PL,50.36440806,-4.104439129
BN13,BN,50.83264975,-0.411258845
BD12,BD,53.74567164,-1.762673063
TW14,TW,51.45338551,-0.421932239
KW6,KW,58.25028859,-3.443995353
OX39,OX,51.70159294,-0.915911663
YO32,YO,54.0124962,-1.05939581
LE14,LE,52.78397629,-0.897482885
EX19,EX,50.87804673,-4.005584436
SP10,SP,51.21144407,-1.484564031
BA16,BA,51.12421931,-2.745712769
BH4,BH,50.72126949,-1.899692661
RH6,RH,51.17294332,-0.16398267
MK41,MK,52.152643,-0.447723081
CH32,CH,53.36197086,-2.997605
EC1A,ECA,51.52031537,-0.103902455
FK10,FK,56.11582036,-3.783109322
BT92,BT,54.22429098,-7.466399347
GL8,GL,51.64255711,-2.170951582
DH1,DH,54.78206591,-1.565583019
B77,B,52.61851101,-1.668801288
SO42,SO,50.81514387,-1.536301865
BD18,BD,53.83067753,-1.7769896
GU3,GU,51.24658942,-0.629340545
PE13,PE,52.67002036,0.137009778
DE56,DE,53.02178949,-1.475040955
CB11,CB,51.99926364,0.212049322
B5,B,52.46959252,-1.897543246
LE17,LE,52.46762242,-1.177817123
LL13,LL,53.03447663,-2.959048313
CR2,CR,51.34782134,-0.081840778
NE65,NE,55.31492312,-1.748548494
PH9,PH,56.64820274,-3.690140744
AB42,AB,57.50109743,-1.892271844
ZE1,ZE,60.15148921,-1.170510055
EX24,EX,50.74047322,-3.089576383
PE10,PE,52.77477316,-0.377162958
TS14,TS,54.53245425,-1.062596476
LE11,LE,52.76807342,-1.218846871
SY21,SY,52.65813028,-3.207476774
TW9,TW,51.46946735,-0.292702095
TF7,TF,52.63923181,-2.450507648
CH99,CH,53.17637528,-2.894870278
WV9,WV,52.63736478,-2.143576645
BS16,BS,51.48676483,-2.509813242
YO60,YO,54.08609912,-0.938544344
DA6,DA,51.45517006,0.138667759
LS26,LS,53.75171052,-1.449770725
LE13,LE,52.76591915,-0.887067766
LA7,LA,54.22573022,-2.773010962
SY11,SY,52.87008713,-3.031244521
FK18,FK,56.32459638,-4.329124375
S70,S,53.54113782,-1.474833569
CH62,CH,53.33422241,-2.981540518
PL11,PL,50.37297483,-4.254500478
ME20,ME,51.30334284,0.459754356
BR5,BR,51.39170745,0.103335437
WF14,WF,53.6797526,-1.695924698
BR3,BR,51.40459231,-0.030543625
NN6,NN,52.32706683,-0.94698064
BH7,BH,50.73635786,-1.826578301
GL9,GL,51.55559526,-2.303325577
CH34,CH,53.27903338,-2.905083453
HU20,HU,53.78789985,-0.511582088
BA9,BA,51.05769994,-2.410025253
EX4,EX,50.73130807,-3.526788627
BT21,BT,54.64001964,-5.54710246
IP10,IP,52.01921508,1.27014788
SW17,SW,51.43079473,-0.164678271
G77,G,55.77406544,-4.331654999
B70,B,52.52086472,-2.004369395
NE9,NE,54.93134535,-1.585430588
SA11,SA,51.67469364,-3.761801048
BT5,BT,54.58915684,-5.871098551
G44,G,55.81419126,-4.255590591
EX22,EX,50.82780742,-4.367877856
TD4,TD,55.64244948,-2.672072824
CO10,CO,52.05855969,0.720732508
LS88,LS,53.76531694,-1.501430438
SL95,SL,51.49916663,-0.53905325
FK13,FK,56.15189653,-3.739876795
BB2,BB,53.74164754,-2.501822243
B73,B,52.55352036,-1.842099149
LS21,LS,53.91161157,-1.680433238
TF2,TF,52.70112666,-2.439874614
SW1Y,SWY,51.50750145,-0.134564021
ZE2,ZE,60.31629022,-1.229316293
PA13,PA,55.89329695,-4.631360656
HG5,HG,54.01347995,-1.457926434
BT1,BT,54.59976023,-5.928481321
WA10,WA,53.45427957,-2.756266453
BR2,BR,51.38728438,0.02240631
SY9,SY,52.49905052,-2.990535881
SY7,SY,52.42538695,-2.886741005
KT14,KT,51.33837481,-0.488298929
NP25,NP,51.80276915,-2.724098408
CV35,CV,52.22161233,-1.593368154
EH1,EH,55.95060068,-3.193068105
SR5,SR,54.92261782,-1.424186707
G32,G,55.84890702,-4.165507351
IP6,IP,52.13264551,1.110764319
BA7,BA,51.08930146,-2.519395371
WV5,WV,52.53404335,-2.210338758
WF10,WF,53.72401606,-1.347671403
NG13,NG,52.94857238,-0.906993604
W1S,WS,51.51124829,-0.142293133
SM6,SM,51.36140157,-0.1444754
LE94,LE,52.483686,-0.905523
EH15,EH,55.94618688,-3.112535451
BT51,BT,55.06047413,-6.682944283
WF7,WF,53.66624379,-1.352815988
SS7,SS,51.56231644,0.577767487
EH30,EH,55.98545931,-3.392707022
PL35,PL,50.68478916,-4.685319253
LS20,LS,53.87444713,-1.715825039
S10,S,53.37671108,-1.518538594
ST8,ST,53.11554148,-2.167891746
L11,L,53.44786406,-2.9154457
TR19,TR,50.10010786,-5.6315958
BD10,BD,53.83290639,-1.724803202
IV23,IV,57.76773994,-5.009511429
LL51,LL,52.97393093,-4.238666432
BD6,BD,53.76452183,-1.786207235
SS15,SS,51.57748726,0.428138655
SY14,SY,53.03126196,-2.768170759
TS24,TS,54.69682603,-1.211195738
FK16,FK,56.19111103,-4.061312203
SL9,SL,51.59770937,-0.55586859
RG2,RG,51.42089192,-0.952449629
BN41,BN,50.84160961,-0.217626516
G70,G,55.949874,-3.9879804
ML3,ML,55.76997477,-4.055081737
LL67,LL,53.41109913,-4.456743721
BN27,BN,50.87184931,0.263454793
AB53,AB,57.52502136,-2.393679423
YO24,YO,53.94594107,-1.11698764
IG5,IG,51.59103575,0.063534218
GL51,GL,51.89902538,-2.110470524
SN26,SN,51.61401221,-1.78811775
BS48,BS,51.42513809,-2.747942471
CV7,CV,52.44655998,-1.569759616
DA4,DA,51.38858704,0.232221021
BN12,BN,50.81397397,-0.429346317
DN7,DN,53.58341932,-1.013255303
ME16,ME,51.27374232,0.496299566
NE22,NE,55.1351438,-1.586841793
OL2,OL,53.57327828,-2.10995685
KA22,KA,55.64999922,-4.808885722
EX9,EX,50.63947254,-3.324017013
PA43,PA,55.75561221,-6.284157513
WF8,WF,53.68614282,-1.300458133
CV36,CV,52.05905451,-1.621882624
CH33,CH,53.2905596,-3.0626384
LL42,LL,52.72577194,-4.055295176
IV45,IV,57.0717245,-5.906563417
SG2,SG,51.89654843,-0.16409717
IV56,IV,57.36556207,-6.430230357
DD4,DD,56.4820625,-2.935734547
N19,N,51.56525904,-0.129951364
WC1A,WCA,51.51978092,-0.121043865
KA29,KA,55.75583609,-4.854021953
IP21,IP,52.36485972,1.236733453
TA8,TA,51.24524504,-2.995059021
WV13,WV,52.58514485,-2.058137992
WC2H,WCH,51.51333791,-0.127371839
HG1,HG,53.9999534,-1.535529113
BN45,BN,50.89670212,-0.190209
LD3,LD,51.96078626,-3.369915954
B96,B,52.25175384,-1.960359957
SA9,SA,51.78129067,-3.768879851
CR3,CR,51.2881569,-0.082495227
UB7,UB,51.50441279,-0.469161791
DY13,DY,52.3367139,-2.281340899
B60,B,52.32433479,-2.049384944
SN13,SN,51.42459164,-2.212446763
SM4,SM,51.39312935,-0.199646081
SO21,SO,51.0758006,-1.31627357
BT12,BT,54.59290336,-5.958495472
SL7,SL,51.57535673,-0.777823436
HX1,HX,53.72100908,-1.871674595
CF39,CF,51.60015194,-3.425292107
CM5,CM,51.72188413,0.248305298
OX7,OX,51.910512,-1.528630659
HR2,HR,52.00981201,-2.785309431
BD13,BD,53.78677481,-1.861331878
PA38,PA,56.59531452,-5.328284968
WR4,WR,52.20378341,-2.189672037
CH43,CH,53.38432602,-3.059676425
B3,B,52.48509432,-1.902373146
SN6,SN,51.62136782,-1.740577325
BA10,BA,51.11316847,-2.447861412
SE25,SE,51.3977841,-0.076781304
KA6,KA,55.41621631,-4.504790718
NN29,NN,52.25806433,-0.664760623
AB41,AB,57.37383254,-2.10406378
DE21,DE,52.93408351,-1.432023418
TD10,TD,55.71159115,-2.451625805
PL24,PL,50.35527002,-4.711245076
WA6,WA,53.2726997,-2.72470457
PH35,PH,57.07653131,-4.900447188
NE45,NE,54.9765283,-2.014621745
PL1,PL,50.37059164,-4.154295138
KA19,KA,55.34608742,-4.667978373
CT3,CT,51.27694877,1.211771474
HP12,HP,51.62583738,-0.779586918
GU7,GU,51.18963491,-0.612086293
BB5,BB,53.75431974,-2.37342969
TR2,TR,50.25480613,-4.950528314
B36,B,52.50420138,-1.778470795
L71,L,53.43880792,-2.974581385
S12,S,53.34813704,-1.40642622
PA65,PA,56.46909175,-5.725299625
SA68,SA,51.72953501,-4.765446433
CH44,CH,53.41529998,-3.037092212
AB34,AB,57.09375796,-2.811725048
KT17,KT,51.34121833,-0.249578783
BH25,BH,50.75282272,-1.657977695
PA11,PA,55.85710063,-4.584751639
WS3,WS,52.61977673,-1.992097365
NE38,NE,54.89347983,-1.524811928
M8,M,53.50865705,-2.240115279
SE23,SE,51.4414675,-0.049153782
SO20,SO,51.11666623,-1.516684047
CO1,CO,51.88426221,0.897088743
EH9,EH,55.93301097,-3.18536445
OL13,OL,53.70080961,-2.204424784
DH99,DH,54.788237,-1.549371667
GL54,GL,51.8962608,-1.845670941
CO3,CO,51.88451615,0.856510851
LD5,LD,52.1262366,-3.622987543
RH10,RH,51.11810595,-0.154877336
S9,S,53.39809591,-1.417781732
PA60,PA,55.87872421,-5.915644316
B50,B,52.16833923,-1.856228898
CF36,CF,51.48505724,-3.699501518
TS29,TS,54.71081334,-1.420225725
N6,N,51.57319105,-0.146024433
CO14,CO,51.85028551,1.267192012
M43,M,53.48370365,-2.149358832
CR9,CR,51.37412259,-0.098470762
DG11,DG,55.11363592,-3.338810411
KA3,KA,55.64538493,-4.496840072
NP11,NP,51.64386802,-3.131617729
GU47,GU,51.34940615,-0.792038921
SY16,SY,52.52072637,-3.312402406
PR8,PR,53.62621712,-3.010302472
DL16,DL,54.69894881,-1.605609593
WN4,WN,53.49366606,-2.644368428
N1,N,51.53774667,-0.097050804
CA26,CA,54.54459317,-3.482507716
IP20,IP,52.40649708,1.319216465
IV22,IV,57.73870665,-5.513687065
SE8,SE,51.48191812,-0.029464787
BL0,BL,53.64837902,-2.317001982
B94,B,52.34953057,-1.79384522
BH18,BH,50.75954078,-1.998476207
DD10,DD,56.74844218,-2.427092575
BT7,BT,54.58193281,-5.924547791
EH4,EH,55.96242711,-3.260869439
BR8,BR,51.39856381,0.174366033
WF13,WF,53.69228818,-1.646721425
LS18,LS,53.83865182,-1.63954041
DN5,DN,53.53835868,-1.17444539
HU15,HU,53.74858731,-0.620035446
SY17,SY,52.51740845,-3.468820343
KW13,KW,58.4569535,-3.897022
SK13,SK,53.44858673,-1.964338975
CA4,CA,54.84700363,-2.831675002
RM7,RM,51.57489966,0.168851695
OX49,OX,51.6506477,-1.001160567
KT22,KT,51.30157736,-0.339397041
MK9,MK,52.04025941,-0.755341221
BT75,BT,54.37243105,-7.316761065
HD4,HD,53.62563346,-1.797794513
S20,S,53.33461971,-1.352168845
PE36,PE,52.93949487,0.508939
SE1,SE,51.499183,-0.091531182
RG10,RG,51.48240222,-0.853260125
PA77,PA,56.49508585,-6.881039385
CF41,CF,51.64736826,-3.482008109
EN11,EN,51.7655752,-0.009100324
SW5,SW,51.49162191,-0.191974039
FK12,FK,56.15256253,-3.801755072
MK14,MK,52.06323345,-0.755366412
WF17,WF,53.71890801,-1.642611685
AL3,AL,51.78035131,-0.377431892
BD5,BD,53.7781486,-1.759134047
LL43,LL,52.77452111,-4.092244786
B44,B,52.545666,-1.885101307
LL14,LL,52.99108215,-3.053253532
HD7,HD,53.62391402,-1.877979313
IP27,IP,52.43012125,0.581759297
DY5,DY,52.48039645,-2.123934848
HP7,HP,51.66451128,-0.610081525
PR2,PR,53.77821088,-2.707485935
PA64,PA,56.4368785,-5.68787
NG25,NG,53.07418269,-0.962709673
TD1,TD,55.6232216,-2.810985686
GU28,GU,50.99105908,-0.632809919
SA44,SA,52.08778806,-4.373137335
TN38,TN,50.86380997,0.543711137
WV1,WV,52.58649348,-2.115870031
CH25,CH,53.3970655,-3.01145
EH35,EH,55.91093168,-2.944652623
G79,G,55.771004,-4.223076
EH17,EH,55.9057706,-3.143731117
IV25,IV,57.88901434,-4.041963721
EH47,EH,55.85862908,-3.666084464
NE99,NE,54.97041678,-1.613955158
MK17,MK,51.99564809,-0.701461657
CO2,CO,51.8697741,0.894399596
IV52,IV,57.33660853,-5.652929
RH8,RH,51.25091244,0.002289836
SS8,SS,51.52213017,0.589605402
SA48,SA,52.14493742,-4.113271406
BN23,BN,50.79759298,0.312536065
CM99,CM,51.7424935,0.500607571
L36,L,53.41441971,-2.841697079
WC1E,WCE,51.52172231,-0.132635
SS1,SS,51.53752442,0.73115938
BN16,BN,50.81450029,-0.495660467
OX1,OX,51.74519094,-1.261330714
TN23,TN,51.14003833,0.857247791
NP12,NP,51.66925618,-3.198023063
BB18,BB,53.91457141,-2.172065795
PE9,PE,52.65450701,-0.48049892
E9,E,51.54415318,-0.042844989
BN2,BN,50.82502849,-0.100959505
ME19,ME,51.2908287,0.407966727
S21,S,53.3120797,-1.339560194
OL3,OL,53.55356216,-2.011541031
SO30,SO,50.91991328,-1.306861514
ME6,ME,51.32273824,0.434639457
IP30,IP,52.20912472,0.845718785
EC1R,ECR,51.52496463,-0.108365496
CA1,CA,54.88586467,-2.912381994
BT11,BT,54.576255,-5.998157162
NG20,NG,53.21005972,-1.185718661
NR35,NR,52.46190883,1.432892664
RG42,RG,51.42786884,-0.756920649
DG9,DG,54.87777706,-5.022799917
EC3M,ECM,51.51181609,-0.08216969
YO17,YO,54.13680648,-0.756210035
IP5,IP,52.06194495,1.245369079
RG17,RG,51.44348375,-1.503065939
BH1,BH,50.72488015,-1.860945197
DY4,DY,52.53286368,-2.05525851
TA6,TA,51.12558043,-3.00092264
KA8,KA,55.47176093,-4.612460611
W5,W,51.51321291,-0.302338374
BT55,BT,55.17925034,-6.710263922
NR23,NR,52.94881104,0.858078704
OL9,OL,53.53918395,-2.144227595
PL4,PL,50.3755312,-4.127956405
HR3,HR,52.09411487,-3.085893928
HX7,HX,53.73927315,-2.008556696
AL7,AL,51.79684585,-0.187114737
M17,M,53.46802366,-2.32048772
SE28,SE,51.50234594,0.104426943
NR4,NR,52.61206103,1.25680902
NE30,NE,55.02139933,-1.438760195
SA61,SA,51.80020085,-4.974115167
BL9,BL,53.59183241,-2.287055431
IV18,IV,57.70242786,-4.154832589
G67,G,55.94660933,-3.987278087
RM13,RM,51.52538309,0.193298386
ME9,ME,51.33588062,0.72176086
SW6,SW,51.47663358,-0.201205103
E3,E,51.52794913,-0.025266637
GL53,GL,51.87962269,-2.067502166
M15,M,53.46726745,-2.2514619
NR32,NR,52.48959212,1.732306949
IV21,IV,57.72439386,-5.72113514
LL27,LL,53.1485206,-3.827533426
LD2,LD,52.14222638,-3.393687364
DA3,DA,51.38412463,0.308378361
NP18,NP,51.60877697,-2.94269493
EX21,EX,50.80575839,-4.208551845
DY14,DY,52.38042453,-2.468561857
TS27,TS,54.72415804,-1.290867492
EH2,EH,55.95227812,-3.202204014
BD8,BD,53.80173027,-1.784002532
NG24,NG,53.06985031,-0.7991442
E17,E,51.58692234,-0.020732971
CV9,CV,52.58560924,-1.561496851
LS2,LS,53.80278321,-1.546368643
PE16,PE,52.45486268,0.049390212
LD6,LD,52.31005442,-3.509241078
IP18,IP,52.33050197,1.670744562
NE3,NE,55.01045668,-1.635461257
SP9,SP,51.23349558,-1.66492467
NR29,NR,52.69424569,1.636386221
SW19,SW,51.42416024,-0.203041058
NG8,NG,52.96501074,-1.213379453
WN3,WN,53.52880804,-2.645970846
B64,B,52.47259668,-2.069205144
YO62,YO,54.24629945,-0.994204524
S71,S,53.5744059,-1.456099924
LE41,LE,52.61292446,-1.194906154
E7,E,51.54713032,0.027600408
PA34,PA,56.39378709,-5.487094399
LN13,LN,53.26520166,0.183493003
BT61,BT,54.36880371,-6.622592259
CH66,CH,53.27739563,-2.936279739
BT70,BT,54.51385685,-6.888585916
YO42,YO,53.92373912,-0.790435092
IG4,IG,51.58004632,0.051195209
S81,S,53.33864136,-1.123842441
SG19,SG,52.13960421,-0.239618577
LL48,LL,52.93603837,-4.069519975
LL68,LL,53.3978469,-4.379126654
TA21,TA,50.97777537,-3.244792914
PA80,PA,56.56596289,-5.786458111
DN20,DN,53.55808884,-0.506460211
DN33,DN,53.53945805,-0.099102
IV2,IV,57.46794728,-4.18654541
NE61,NE,55.17843837,-1.687567907
BN95,BN,50.823154,-0.330024
HU1,HU,53.74280736,-0.337908866
LN6,LN,53.20027578,-0.600059325
LL28,LL,53.28788088,-3.761868041
CF61,CF,51.40838556,-3.481203844
PH33,PH,56.82183901,-5.112243187
TD12,TD,55.65305638,-2.241112898
LL34,LL,53.27059476,-3.914476457
LL31,LL,53.2903508,-3.810281743
KA11,KA,55.6185787,-4.627656778
B42,B,52.53459228,-1.912940305
TS6,TS,54.56569021,-1.153465894
LL54,LL,53.05808144,-4.287408523
GU1,GU,51.2430429,-0.564924129
NN3,NN,52.26377851,-0.842073681
TW4,TW,51.46547666,-0.387935971
KY1,KY,56.12879932,-3.137676501
PL21,PL,50.38526738,-3.918434323
NG6,NG,52.99849944,-1.192215097
PL25,PL,50.34128462,-4.777867862
IP19,IP,52.34024237,1.494144147
AL9,AL,51.74467893,-0.197830705
RG8,RG,51.50634555,-1.106492908
BS7,BS,51.48697027,-2.581472085
BH6,BH,50.72764484,-1.801925709
BB12,BB,53.80344842,-2.29263121
EH54,EH,55.89245805,-3.524436588
OX14,OX,51.66740881,-1.277177726
HU8,HU,53.76939549,-0.29970464
PH15,PH,56.60969133,-3.941524949
IV7,IV,57.58323999,-4.386731434
HU11,HU,53.82724752,-0.222429821
KT2,KT,51.41888372,-0.290694167
SR4,SR,54.90040006,-1.425586108
TR25,TR,49.96344425,-6.29113825
IV20,IV,57.78808138,-3.904113017
BT52,BT,55.13464646,-6.655242465
LA16,LA,54.18759894,-3.203009615
G51,G,55.8577294,-4.316559694
CW3,CW,52.99799876,-2.408457974
TS9,TS,54.466042,-1.165394874
CA11,CA,54.66444332,-2.784425647
HA7,HA,51.61132045,-0.310629145
HP10,HP,51.60835264,-0.697275755
NG90,NG,52.92589958,-1.190695105
NE82,NE,54.934641,-1.615103
SR6,SR,54.93551102,-1.379240905
TN7,TN,51.09620006,0.10230949
DH3,DH,54.87274516,-1.568096341
HX3,HX,53.72676224,-1.844324182
G63,G,56.04280199,-4.36451901
BA22,BA,50.96912025,-2.638189006
M31,M,53.41926214,-2.424414909
BS14,BS,51.41299655,-2.562713239
B66,B,52.49267918,-1.964807569
LS11,LS,53.77619058,-1.557357147
W12,W,51.50828427,-0.24064901
NW1,NW,51.53324963,-0.143852827
CH88,CH,53.194591,-2.874551
EX14,EX,50.81413224,-3.191237705
NR99,NR,52.626652,1.309265
TN19,TN,51.00277836,0.405719854
CH7,CH,53.1699839,-3.132268576
CM77,CM,51.86681309,0.552230901
DG6,DG,54.83716626,-4.055587564
CB10,CB,52.02870593,0.262975431
S62,S,53.46554874,-1.347839992
SS13,SS,51.57495848,0.510890144
IV1,IV,57.48404948,-4.234751651
M5,M,53.47928111,-2.283955309
IP23,IP,52.30736839,1.120755258
LS8,LS,53.82483007,-1.509434917
NR10,NR,52.73631642,1.240846789
OL1,OL,53.54979532,-2.107030911
MK15,MK,52.05688157,-0.729770632
NE25,NE,55.05230905,-1.489348009
BT53,BT,55.08571382,-6.474737455
SO41,SO,50.75550931,-1.56651766
BS32,BS,51.54444149,-2.557613481
CF5,CF,51.48283419,-3.244505502
SY4,SY,52.79810082,-2.75353101
RG1,RG,51.45108076,-0.969758627
CM92,CM,51.769357,0.061253
KA30,KA,55.79729547,-4.86344661
WA4,WA,53.36532531,-2.575757819
NP23,NP,51.78541048,-3.197394929
GU24,GU,51.33039813,-0.628183836
FY2,FY,53.84591688,-3.039699684
WR99,WR,52.1948634,-2.2031008
LL46,LL,52.85528178,-4.107302753
DE22,DE,52.93404363,-1.499706724
PL18,PL,50.51539816,-4.221617599
IV32,IV,57.63075526,-3.104731435
EH29,EH,55.95683737,-3.403408617
SM5,SM,51.36866817,-0.168851242
CT13,CT,51.26644989,1.327013251
LL38,LL,52.69529845,-4.050325851
SA34,SA,51.85213521,-4.618927017
S64,S,53.49078856,-1.298923597
PH10,PH,56.60726142,-3.359728847
RG41,RG,51.41673343,-0.863607793
OX20,OX,51.85604572,-1.35781389
TR11,TR,50.14980691,-5.087656584
DD11,DD,56.57362299,-2.59914771
PR0,PR,53.758805,-2.683907
BS39,BS,51.32841609,-2.533608497
S40,S,53.23411124,-1.446243227
NG19,NG,53.1605683,-1.198199831
PL5,PL,50.41103646,-4.166725253
RG12,RG,51.40676701,-0.750063857
ML7,ML,55.82996085,-3.795503809
PO7,PO,50.88283889,-1.040556473
YO25,YO,54.00413018,-0.415967272
EH6,EH,55.97243957,-3.175356245
TN10,TN,51.21200705,0.284111371
CH8,CH,53.28295776,-3.246370361
DD5,DD,56.47988958,-2.85790965
AB14,AB,57.10042999,-2.271377754
BN9,BN,50.7956809,0.049777112
BT6,BT,54.57995672,-5.897937435
RM9,RM,51.54097476,0.133794913
DH4,DH,54.8540745,-1.492555856
TD13,TD,55.92984478,-2.37164625
EH48,EH,55.89895782,-3.66477033
L16,L,53.39869735,-2.887646635
IV17,IV,57.69894725,-4.259818977
B26,B,52.46159776,-1.788770037
PO13,PO,50.81225184,-1.181039615
B4,B,52.48579585,-1.892811056
NN14,NN,52.41105082,-0.696030346
LA17,LA,54.23957151,-3.175875559
CR7,CR,51.39925141,-0.106743424
DL4,DL,54.63019982,-1.644374359
HP4,HP,51.76789229,-0.568555063
SE5,SE,51.47382072,-0.091455886
MK10,MK,52.04072769,-0.698345518
AL10,AL,51.76038428,-0.232533659
SO19,SO,50.90200313,-1.354850108
N8,N,51.58275284,-0.120155774
CO7,CO,51.88189897,1.00503299
ME1,ME,51.37143634,0.497565103
B71,B,52.53602747,-1.990471
CF40,CF,51.62034361,-3.451578156
BH13,BH,50.7088162,-1.920506241
SE18,SE,51.48433928,0.072565626
CH45,CH,53.4289176,-3.051729946
EH7,EH,55.9602252,-3.164642118
NE43,NE,54.94813505,-1.905473234
OX17,OX,52.07359786,-1.289256627
FY4,FY,53.79094753,-3.027687468
HD6,HD,53.70241197,-1.784377893
OX25,OX,51.90031605,-1.213311326
SN4,SN,51.53047943,-1.840568306
TN11,TN,51.20698987,0.264750466
YO41,YO,53.97053353,-0.900566746
EH12,EH,55.94192123,-3.279105157
CW8,CW,53.25354922,-2.564950727
YO7,YO,54.22520154,-1.350914065
IP14,IP,52.20610069,1.032060042
FK4,FK,55.9964776,-3.907541293
B91,B,52.41398014,-1.783324882
IP7,IP,52.06863051,0.942550687
G53,G,55.82117347,-4.352687695
BT26,BT,54.45409228,-6.063906791
SA12,SA,51.60823741,-3.795783028
SO40,SO,50.91297429,-1.503930261
ME15,ME,51.25320106,0.533540894
CT10,CT,51.36317083,1.429404582
CA15,CA,54.71214851,-3.481026681
TD2,TD,55.73074014,-2.753928296
KT7,KT,51.38805075,-0.33388685
DG3,DG,55.23746004,-3.799282838
SE6,SE,51.43854702,-0.016583802
B79,B,52.65073201,-1.681947244
B92,B,52.43730486,-1.774257506
OX29,OX,51.7943524,-1.434663016
DH6,DH,54.75293886,-1.463558932
LL47,LL,52.90200498,-4.06296083
TA11,TA,51.06054913,-2.70207885
IP26,IP,52.50739802,0.57244626
GU11,GU,51.24886743,-0.763363002
CV6,CV,52.43420925,-1.507554413
DE73,DE,52.84705394,-1.438138875
KT15,KT,51.36374695,-0.495826959
RM1,RM,51.58299236,0.183562719
HP6,HP,51.67817044,-0.599505906
HA2,HA,51.57362824,-0.361263818
IV36,IV,57.60977991,-3.607475015
PA15,PA,55.94245477,-4.748079597
GL50,GL,51.90062082,-2.081838974
SW15,SW,51.45703289,-0.228502539
TN12,TN,51.17246526,0.444252287
KW17,KW,59.0364541,-3.009257443
DA1,DA,51.44811941,0.209393787
ST9,ST,53.05280413,-2.096088727
TW10,TW,51.44780932,-0.302914489
CH4,CH,53.16564697,-2.947984006
NR28,NR,52.82233304,1.397487304
BB4,BB,53.70372752,-2.29190461
BN7,BN,50.87734453,-0.000992043
RM18,RM,51.46749927,0.376102925
BN42,BN,50.83761257,-0.234730647
TN16,TN,51.2929372,0.051759689
SE21,SE,51.43900012,-0.088764721
SW12,SW,51.44629866,-0.149127963
LA13,LA,54.11824152,-3.198341676
SS17,SS,51.52160995,0.437753019
PE38,PE,52.58846869,0.375255794
LA18,LA,54.21547917,-3.276110411
CR4,CR,51.40440535,-0.15914889
IV3,IV,57.47638092,-4.248056991
BL4,BL,53.54623662,-2.401572605
IV43,IV,57.1557468,-5.8107868
NE24,NE,55.12183665,-1.522828061
KA26,KA,55.21704128,-4.835732072
BT80,BT,54.64633426,-6.745916119
BS31,BS,51.40868989,-2.492497783
IP2,IP,52.04527347,1.133764874
SG15,SG,52.01315173,-0.26378322
G76,G,55.77708996,-4.273093575
L28,L,53.43530521,-2.865627619
SW1V,SWV,51.48948982,-0.139944277
HP27,HP,51.72093253,-0.832006725
L27,L,53.38778757,-2.838697059
SE7,SE,51.4841087,0.034310607
PA62,PA,56.359258,-5.851487
EC4A,ECA,51.51578759,-0.108259535
W2,W,51.51495981,-0.186585418
GU12,GU,51.2518365,-0.729835041
CF72,CF,51.52989947,-3.401643651
RH77,RH,51.138775,-0.169779
L1,L,53.40238092,-2.980491397
KT9,KT,51.36397395,-0.303263491
CH26,CH,53.3656992,-3.0659053
TA13,TA,50.94670086,-2.810184257
TQ7,TQ,50.28272862,-3.784346678
WS10,WS,52.56063738,-2.022356255
DA9,DA,51.44813099,0.278347956
L25,L,53.37887608,-2.863626006
OL5,OL,53.51804255,-2.038524129
RH5,RH,51.19055665,-0.343748215
EC1M,ECM,51.52132767,-0.102254107
OX44,OX,51.69793646,-1.122801815
SE10,SE,51.48446818,0.000178235
CV32,CV,52.29795619,-1.531532781
W1W,WW,51.51921081,-0.140905171
NE92,NE,54.9417794,-1.6149724
KA24,KA,55.70948462,-4.715725268
SS3,SS,51.54321722,0.78886563
LL49,LL,52.92906085,-4.137943663
NG17,NG,53.11598124,-1.261465708
NN11,NN,52.24147057,-1.179457347
TD7,TD,55.5365932,-2.872977966
M29,M,53.50836423,-2.458188096
NE41,NE,54.97608652,-1.820136188
ST20,ST,52.79824511,-2.276766178
BT76,BT,54.4198152,-7.191975187
CA6,CA,54.99348954,-2.894681735
TA2,TA,51.03395004,-3.101437475
BT18,BT,54.64115853,-5.822102206
EH41,EH,55.94866437,-2.776666751
TN21,TN,50.95844256,0.263071369
LL75,LL,53.28503388,-4.216605967
EH28,EH,55.92953096,-3.390593254
LL23,LL,52.90527569,-3.601816196
SK11,SK,53.24528031,-2.146183105
ME13,ME,51.30350568,0.894643559
YO15,YO,54.09487233,-0.176797004
PA48,PA,55.73849175,-6.38485925
B48,B,52.35475804,-1.947013769
RH4,RH,51.22996032,-0.33474156
FK9,FK,56.14484275,-3.943465792
RM4,RM,51.64106738,0.158830545
LL17,LL,53.25241482,-3.437041665
B2,B,52.4899994,-1.896287459
RG22,RG,51.24813917,-1.124766117
IV99,IV,57.481332,-4.22395
NR2,NR,52.62916505,1.280022227
KY9,KY,56.20914662,-2.835750555
CT7,CT,51.37054583,1.29653295
DA5,DA,51.44069613,0.146180741
EX3,EX,50.68589397,-3.459458341
GL18,GL,51.94172206,-2.41494661
OL6,OL,53.49434928,-2.086124273
RM5,RM,51.60132562,0.16479281
IP13,IP,52.18895352,1.320518281
TN18,TN,51.04294315,0.52272113
IG11,IG,51.53500505,0.093319203
BN17,BN,50.81487948,-0.540065953
SA80,SA,51.64794429,-3.924294571
TQ6,TQ,50.34717942,-3.590564164
AB13,AB,57.10868543,-2.237731744
PA29,PA,55.80656478,-5.475332177
EC1P,ECP,51.52456531,-0.112038102
KY10,KY,56.23077935,-2.70007182
BT42,BT,54.85464746,-6.275820916
HD8,HD,53.59968554,-1.675426162
SW9,SW,51.46936044,-0.113860548
PA46,PA,55.86264447,-6.120797533
PO9,PO,50.86348957,-0.984049976
PE26,PE,52.4532934,-0.116565891
OL16,OL,53.61234424,-2.131261499
WR5,WR,52.1747462,-2.202409529
DL8,DL,54.29278111,-1.78689711
PL19,PL,50.55658929,-4.154669621
PO36,PO,50.6585775,-1.163705459
WC1V,WCV,51.5181534,-0.116651194
HR9,HR,51.90786032,-2.582539854
DN3,DN,53.54612742,-1.059360014
NN15,NN,52.38230079,-0.703004683
NR16,NR,52.47318321,1.053173006
GL19,GL,51.94574081,-2.290137673
CB1,CB,52.19538424,0.142141301
SW1W,SWW,51.49248851,-0.150846928
CF11,CF,51.47240256,-3.19216999
BH19,BH,50.61169674,-1.970708429
NR26,NR,52.93879057,1.208784807
NE5,NE,54.99614423,-1.688731596
BN3,BN,50.83524514,-0.177663567
ST10,ST,52.98855385,-1.964560923
B7,B,52.49418205,-1.872341815
HR8,HR,52.04495868,-2.445466476
OX26,OX,51.90123892,-1.154233928
PO32,PO,50.75115754,-1.280980127
DA7,DA,51.46561404,0.146010349
TR9,TR,50.41326528,-4.935169876
PA18,PA,55.8884913,-4.888127313
EN7,EN,51.7122876,-0.069631867
TN22,TN,50.98218134,0.100424311
IV14,IV,57.58561111,-4.5494935
RH7,RH,51.17469162,-0.018238029
RM20,RM,51.4783223,0.284944007
SA10,SA,51.68755785,-3.800713446
IP3,IP,52.04135659,1.188014684
KY3,KY,56.06374173,-3.230781577
PE1,PE,52.58644732,-0.23785572
N16,N,51.56251025,-0.076646293
WS6,WS,52.65850005,-2.023183882
PH43,PH,57.015406,-6.281487
PE33,PE,52.64589477,0.465836991
HX4,HX,53.67706482,-1.882640382
EN8,EN,51.69934912,-0.033888283
PH23,PH,57.28391223,-3.817410967
PH7,PH,56.37314883,-3.827005364
KY14,KY,56.31081895,-3.241997821
DN17,DN,53.57271478,-0.705664606
WR10,WR,52.11504738,-2.067015462
NP7,NP,51.82951278,-3.011027668
GU8,GU,51.14871109,-0.644956669
LL59,LL,53.23577488,-4.163178155
IV8,IV,57.55418581,-4.265667781
TN30,TN,51.06234348,0.696743107
HU5,HU,53.75992685,-0.376097307
DN6,DN,53.59784155,-1.178502685
BS5,BS,51.46204681,-2.551708467
CT15,CT,51.17250341,1.281910547
OL10,OL,53.59047078,-2.223156381
NR6,NR,52.66192938,1.280314084
DH98,DH,54.887333,-1.588408667
DY2,DY,52.49631617,-2.081459021
YO26,YO,53.97575353,-1.17792739
BD97,BD,53.82647875,-1.79673375
CW1,CW,53.10358237,-2.436018498
PO37,PO,50.63139591,-1.179631443
WN8,WN,53.55321463,-2.769465854
PO30,PO,50.69100279,-1.313491616
M27,M,53.51216319,-2.336446093
HP2,HP,51.76434901,-0.452277762
BL78,BL,53.5641155,-2.410658
TN24,TN,51.1497549,0.887499297
SY23,SY,52.37982646,-4.051275512
CM18,CM,51.75529449,0.106027206
RH20,RH,50.9373503,-0.470534294
PO17,PO,50.88973408,-1.173296009
S8,S,53.3398857,-1.477557301
ME5,ME,51.34844197,0.53260115
E5,E,51.55887905,-0.053755096
CB2,CB,52.18599871,0.123208541
BD2,BD,53.81523873,-1.734596997
BH9,BH,50.74961673,-1.872751185
WF15,WF,53.70828733,-1.700372356
N3,N,51.600241,-0.193892859
S35,S,53.45859526,-1.497896077
LE10,LE,52.53689767,-1.369859819
CM21,CM,51.81227674,0.145079716
PL6,PL,50.41871319,-4.11563817
ML12,ML,55.56807092,-3.59516887
BT14,BT,54.62145042,-5.962623608
DN21,DN,53.42010145,-0.702264997
HG2,HG,53.98565172,-1.528612458
OX5,OX,51.83042878,-1.281971079
L30,L,53.48446553,-2.972497371
G62,G,55.94271028,-4.320768313
SA66,SA,51.88359694,-4.745011731
SG7,SG,52.00429056,-0.175559027
AB10,AB,57.13518628,-2.120426772
AL5,AL,51.8152008,-0.351937841
SS0,SS,51.54667544,0.687696098
PA69,PA,56.37944125,-6.077821
TW15,TW,51.43111116,-0.458449413
DG14,DG,55.08191381,-2.982675273
TR27,TR,50.18283151,-5.403889678
IP29,IP,52.19090672,0.658750272
BT93,BT,54.46790397,-7.827376553
G23,G,55.90248113,-4.285085303
L9,L,53.46142312,-2.953567498
BT81,BT,54.69586254,-7.61095858
DN55,DN,53.512922,-1.125721
GL12,GL,51.62431369,-2.388749163
LE18,LE,52.58325164,-1.112033636
TW19,TW,51.45423732,-0.498455733
NE33,NE,54.99127859,-1.429567536
HS9,HS,56.97297319,-7.47230383
RG21,RG,51.26488118,-1.088596126
E12,E,51.55073797,0.052999742
PH4,PH,56.26137941,-3.785317031
CM15,CM,51.64429466,0.30360986
CA8,CA,54.93923558,-2.686366867
G52,G,55.84773927,-4.350082538
SS12,SS,51.60535741,0.520551731
L6,L,53.418929,-2.951559467
SA13,SA,51.60590291,-3.725396802
N12,N,51.6149065,-0.177626614
BT43,BT,54.89261598,-6.264720914
M20,M,53.42419437,-2.232665641
DN4,DN,53.50501346,-1.121088596
CO13,CO,51.83893109,1.236840429
IP1,IP,52.06685654,1.139591814
PR25,PR,53.69462911,-2.693572391
W1U,WU,51.51869273,-0.15342002
KT10,KT,51.36963028,-0.354465569
HA8,HA,51.61136819,-0.273925463
ST16,ST,52.81356378,-2.120106887
TW18,TW,51.42761021,-0.504372462
CT16,CT,51.14204863,1.299312862
PO33,PO,50.7216744,-1.169954633
ST18,ST,52.81485844,-2.080388895
FK7,FK,56.09630423,-3.917886628
GL15,GL,51.73714627,-2.551394279
CH46,CH,53.40398717,-3.110863044
LU5,LU,51.91089873,-0.513332597
BS9,BS,51.48730481,-2.626777552
PH30,PH,56.788984,-4.599829
SA14,SA,51.73512549,-4.10622633
SN1,SN,51.5566411,-1.782882007
TN3,TN,51.12079001,0.248112893
KW1,KW,58.45678438,-3.122739294
PE14,PE,52.63913724,0.20793098
TS17,TS,54.53559385,-1.304586034
WD99,WD,51.648776,-0.422087
GL55,GL,52.06401493,-1.769619792
PE6,PE,52.65753289,-0.253493662
LN4,LN,53.14863,-0.380094155
SA2,SA,51.61911253,-3.997967364
KT12,KT,51.37729126,-0.408406328
TA9,TA,51.22558585,-2.956472605
SY8,SY,52.36514634,-2.695298406
NG10,NG,52.90057293,-1.284148389
G22,G,55.8907237,-4.25202268
TS20,TS,54.58665283,-1.313804205
DN12,DN,53.48262299,-1.224188766
PH31,PH,56.89238375,-4.8159215
BN24,BN,50.81680107,0.326578648
G11,G,55.87332893,-4.312978724
PH32,PH,57.14444305,-4.683427368
CH60,CH,53.32648878,-3.096083807
PH42,PH,56.90188,-6.142749
DE1,DE,52.92235916,-1.47782035
CA2,CA,54.88398509,-2.951365036
L5,L,53.42488338,-2.977134433
PO11,PO,50.79196795,-0.975653976
SS11,SS,51.61718079,0.53782531
NE7,NE,55.00010873,-1.579733658
CW4,CW,53.20888762,-2.355207651
TS25,TS,54.66304592,-1.225299538
LE95,LE,52.606176,-1.19056
LL30,LL,53.31802605,-3.816163134
BN8,BN,50.91687047,0.052957988
PE2,PE,52.55825251,-0.260640108
PE24,PE,53.16441205,0.264435809
NW3,NW,51.55234997,-0.172517828
KA1,KA,55.5953359,-4.496944274
B23,B,52.5285179,-1.855231557
WC2B,WCB,51.51492657,-0.120447553
CB23,CB,52.21538491,-0.032308853
RG28,RG,51.23438482,-1.335090156
IP15,IP,52.15626337,1.595475216
CT4,CT,51.223982,1.064654602
CV34,CV,52.28177755,-1.578979295
S65,S,53.43613394,-1.318655065
SP6,SP,50.93667882,-1.802530192
G82,G,55.95177305,-4.574018946
CV37,CV,52.18286805,-1.715170578
BT17,BT,54.55343643,-6.019845651
CW10,CW,53.18879927,-2.44365466
ST21,ST,52.87252604,-2.269813554
PA21,PA,55.90225022,-5.251246067
AB55,AB,57.52453316,-2.989536264
E1,E,51.51738819,-0.059488273
BA11,BA,51.2331069,-2.324729058
HP14,HP,51.65224305,-0.838731476
EC3A,ECA,51.51480953,-0.080141053
PH41,PH,57.00420815,-5.83039255
LS4,LS,53.81056365,-1.584874296
SO53,SO,50.98601524,-1.383623545
SA45,SA,52.2081117,-4.358272075
BT10,BT,54.55945859,-5.98519703
BH22,BH,50.80532095,-1.888592767
OX9,OX,51.73811593,-0.983990903
IV31,IV,57.71695913,-3.290776103
WA5,WA,53.39899878,-2.638777916
PL13,PL,50.35864784,-4.475414805
BL3,BL,53.56469902,-2.432172632
DL10,DL,54.41389679,-1.691699693
BA2,BA,51.35922834,-2.379300996
B37,B,52.47843574,-1.74219511
TR15,TR,50.23308079,-5.238046357
CM13,CM,51.61537681,0.338361261
NE20,NE,55.05244763,-1.788056406
KT5,KT,51.39067376,-0.286719978
IP16,IP,52.20419681,1.584379403
CF81,CF,51.70169513,-3.244577948
WA2,WA,53.41079034,-2.581289362
B9,B,52.47818533,-1.850891099
WV98,WV,52.40536393,-2.219991562
SY24,SY,52.47280517,-4.020663863
SE20,SE,51.41230182,-0.059452762
SG11,SG,51.88588005,0.033512585
BT47,BT,54.9741338,-7.21305148
SA17,SA,51.75688623,-4.285484569
CR90,CR,51.378068,-0.11327475
SK7,SK,53.36965676,-2.143447487
S36,S,53.50547061,-1.616606477
MK77,MK,52.04150014,-0.817271857
IV30,IV,57.65275643,-3.325471394
IV41,IV,57.27279654,-5.736136308
PE15,PE,52.53773457,0.085666082
PA44,PA,55.7991543,-6.29294005
CM23,CM,51.87239494,0.158460735
TS5,TS,54.55035044,-1.252318242
BN99,BN,50.82300185,-0.350120789
SN9,SN,51.32427086,-1.787952266
PE37,PE,52.64099482,0.699440092
TN27,TN,51.16785386,0.695575336
DE74,DE,52.83929482,-1.325622987
SE3,SE,51.46955365,0.019670623
SN7,SN,51.64857786,-1.566228268
B20,B,52.51549743,-1.919214727
KT4,KT,51.37841886,-0.242942785
EC2A,ECA,51.52366741,-0.085570989
SA8,SA,51.72180037,-3.847677316
TN33,TN,50.91128646,0.47526654
CO12,CO,51.93133151,1.253069303
S13,S,53.36466018,-1.383720237
SN3,SN,51.56162684,-1.745605776
PH22,PH,57.19417541,-3.820652298
WV6,WV,52.5968365,-2.182558789
SR1,SR,54.90615636,-1.378381092
KT1,KT,51.40760309,-0.298270395
LS98,LS,53.78527867,-1.538512333
PA76,PA,56.333518,-6.394953714
SN10,SN,51.33702635,-1.986928082
RH2,RH,51.23520102,-0.203086556
GU26,GU,51.11439877,-0.750340758
PA16,PA,55.94254305,-4.800900639
TR8,TR,50.40019268,-5.039319422
WF5,WF,53.68047022,-1.576463799
M33,M,53.42093663,-2.326331397
ST17,ST,52.78814567,-2.099066438
AB22,AB,57.18655396,-2.122274671
PA61,PA,56.07224338,-6.204626875
MK42,MK,52.11755401,-0.472927719
B27,B,52.44456368,-1.822780085
EC2R,ECR,51.51605631,-0.090939026
DE72,DE,52.89323648,-1.358794109
PO5,PO,50.78864748,-1.086179885
N10,N,51.59477278,-0.144997996
MK18,MK,51.97842508,-0.969490764
L67,L,53.449982,-2.942401
G31,G,55.85655606,-4.208046953
BS99,BS,51.4450569,-2.595614739
N1P,NP,51.53901126,-0.103399359
PL9,PL,50.35464039,-4.087483582
PL7,PL,50.39271927,-4.04574543
GU34,GU,51.13896459,-0.98712356
WA11,WA,53.47810335,-2.719920957
PA45,PA,55.81963743,-6.166846714
EX31,EX,51.08574161,-4.068291379
LA2,LA,54.06607376,-2.671745218
ME11,ME,51.41306637,0.746590602
E14,E,51.50619731,-0.018549308
G58,G,55.84236392,-4.290692385
WC1N,WCN,51.52291864,-0.119725884
LL58,LL,53.28207674,-4.099342699
TQ13,TQ,50.59475355,-3.717888714
PL22,PL,50.40349289,-4.651771144
SO14,SO,50.9072386,-1.397337792
MK40,MK,52.13780258,-0.476261246
B74,B,52.58425386,-1.862069168
KY2,KY,56.12405402,-3.184665145
N5,N,51.55386741,-0.098605089
SN5,SN,51.56680457,-1.839776323
FK15,FK,56.20327636,-3.950294519
RG29,RG,51.24571532,-0.945863098
KY4,KY,56.11411503,-3.362989786
YO12,YO,54.27304072,-0.424515369
B61,B,52.34644057,-2.068342355
GU35,GU,51.11674137,-0.848992719
CF47,CF,51.75155518,-3.375017301
OX18,OX,51.76287357,-1.59198948
CH30,CH,53.37894,-3.098392
GL6,GL,51.73430285,-2.19377272
UB8,UB,51.53611464,-0.474979778
PH44,PH,57.05682,-6.503266
ME7,ME,51.37975565,0.555817752
BT28,BT,54.52283338,-6.086678743
WV16,WV,52.50959488,-2.440883342
YO14,YO,54.19764267,-0.297984311
PE31,PE,52.88146168,0.571875367
CB3,CB,52.21223023,0.098238902
B1,B,52.48005868,-1.909159308
SP4,SP,51.1664419,-1.765994579
HX6,HX,53.69689359,-1.927408844
SR3,SR,54.87681753,-1.416832969
SK5,SK,53.43517307,-2.152518911
PO16,PO,50.85088462,-1.159164724
CB7,CB,52.36191867,0.324201037
LU4,LU,51.8983691,-0.468813481
SO25,SO,51.067562,-1.297345
AB11,AB,57.1391423,-2.09292615
WN7,WN,53.49805164,-2.51846215
PE21,PE,52.97453121,-0.023870344
TS12,TS,54.56287385,-0.967052407
IV12,IV,57.57436075,-3.864437009
GU17,GU,51.32904819,-0.789139066
SO97,SO,50.948487,-1.361961
LE8,LE,52.5551827,-1.095904054
EX35,EX,51.22400471,-3.827318738
YO31,YO,53.96993839,-1.064416463
SO17,SO,50.92726932,-1.39264463
M24,M,53.55141815,-2.198168013
AB12,AB,57.10212016,-2.112655946
CV11,CV,52.51956657,-1.453356168
ME4,ME,51.3812366,0.528698539
TR5,TR,50.3102208,-5.196797106
CR0,CR,51.37319916,-0.077414662
BT2,BT,54.59377547,-5.930850879
TS15,TS,54.48726446,-1.334943805
SG13,SG,51.78772928,-0.071445237
OX12,OX,51.59628214,-1.42535527
EH33,EH,55.94155075,-2.945879783
EX17,EX,50.81173286,-3.705521643
G84,G,56.01413133,-4.755592488
CM4,CM,51.67514272,0.390407624
PA6,PA,55.86581494,-4.537172679
BT4,BT,54.60256601,-5.869652854
L31,L,53.51340417,-2.937859549
CB25,CB,52.26085701,0.253502946
LS16,LS,53.85196936,-1.603633796
E98,E,51.50802556,-0.064442082
RG24,RG,51.28076277,-1.079266582
KW16,KW,58.96087303,-3.276841
BN10,BN,50.79592006,0.001158623
N14,N,51.63431777,-0.130840799
DH7,DH,54.78970539,-1.665943601
B90,B,52.39919122,-1.826275492
RH11,RH,51.11081491,-0.208190279
BD17,BD,53.84756363,-1.768363859
DE5,DE,53.04500419,-1.402821416
NE37,NE,54.91276005,-1.527948818
PO2,PO,50.81786463,-1.077417812
BT38,BT,54.72902287,-5.800770388
RG27,RG,51.30510205,-0.946592094
L23,L,53.49112484,-3.02387314
PL32,PL,50.6332158,-4.661986766
DN1,DN,53.52167617,-1.130687815
NE16,NE,54.93136205,-1.692718856
EH27,EH,55.89065691,-3.416486333
TN34,TN,50.86499641,0.582098019
TD15,TD,55.74768172,-2.014789237
NW26,NW,51.53406056,-0.248131268
NG31,NG,52.91447991,-0.641820296
PL34,PL,50.6598543,-4.744264494
TN13,TN,51.27687454,0.183898049
KT6,KT,51.38740248,-0.302711901
WR6,WR,52.22971843,-2.382263359
AB16,AB,57.16007515,-2.156682266
IP25,IP,52.58655255,0.839004795
PA42,PA,55.63687851,-6.189533228
FIQQ,FI,-51.75,-59
GX11,GX,36.133333,-5.35
JE2,JE,49.19217,-2.08864
JE3,JE,49.21901,-2.14296
GY1,GY,49.46004,-2.52643
GY2,GY,49.48276,-2.54473
GY3,GY,49.49242,-2.53537
GY4,GY,49.43163,-2.55475
GY5,GY,49.46397,-2.59466
GY6,GY,49.478,-2.54809
GY7,GY,49.44286,-2.63073
GY8,GY,49.42761,-2.61895
GY9,GY,49.71648,-2.20355
GY10,GY,49.42906,-2.3654
IM1,IM,,
IM2,IM,,
IM3,IM,,
IM4,IM,,
IM5,IM,,
IM6,IM,,
IM7,IM,,
IM8,IM,,
IM9,IM,,